commit	80f3ffa5a7ced20e33c9b98c782c08af704407d5
scene	x	y	symbol_hex	foreground	background	modifier_bits
messages	0	0	59	RGB:8ab4f8	DEFAULT	1
messages	1	0	6f	RGB:8ab4f8	DEFAULT	1
messages	2	0	75	RGB:8ab4f8	DEFAULT	1
messages	3	0	3a	RGB:8ab4f8	DEFAULT	1
messages	4	0	20	DEFAULT	DEFAULT	0
messages	5	0	20	DEFAULT	DEFAULT	0
messages	6	0	20	DEFAULT	DEFAULT	0
messages	7	0	20	DEFAULT	DEFAULT	0
messages	8	0	20	DEFAULT	DEFAULT	0
messages	9	0	20	DEFAULT	DEFAULT	0
messages	10	0	20	DEFAULT	DEFAULT	0
messages	11	0	20	DEFAULT	DEFAULT	0
messages	12	0	20	DEFAULT	DEFAULT	0
messages	13	0	20	DEFAULT	DEFAULT	0
messages	14	0	20	DEFAULT	DEFAULT	0
messages	15	0	20	DEFAULT	DEFAULT	0
messages	16	0	20	DEFAULT	DEFAULT	0
messages	17	0	20	DEFAULT	DEFAULT	0
messages	18	0	20	DEFAULT	DEFAULT	0
messages	19	0	20	DEFAULT	DEFAULT	0
messages	20	0	20	DEFAULT	DEFAULT	0
messages	21	0	20	DEFAULT	DEFAULT	0
messages	22	0	20	DEFAULT	DEFAULT	0
messages	23	0	20	DEFAULT	DEFAULT	0
messages	24	0	20	DEFAULT	DEFAULT	0
messages	25	0	20	DEFAULT	DEFAULT	0
messages	26	0	20	DEFAULT	DEFAULT	0
messages	27	0	20	DEFAULT	DEFAULT	0
messages	28	0	20	DEFAULT	DEFAULT	0
messages	29	0	20	DEFAULT	DEFAULT	0
messages	30	0	20	DEFAULT	DEFAULT	0
messages	31	0	20	DEFAULT	DEFAULT	0
messages	32	0	20	DEFAULT	DEFAULT	0
messages	33	0	20	DEFAULT	DEFAULT	0
messages	34	0	20	DEFAULT	DEFAULT	0
messages	35	0	20	DEFAULT	DEFAULT	0
messages	36	0	20	DEFAULT	DEFAULT	0
messages	37	0	20	DEFAULT	DEFAULT	0
messages	38	0	20	DEFAULT	DEFAULT	0
messages	39	0	20	DEFAULT	DEFAULT	0
messages	40	0	20	DEFAULT	DEFAULT	0
messages	41	0	20	DEFAULT	DEFAULT	0
messages	42	0	20	DEFAULT	DEFAULT	0
messages	43	0	20	DEFAULT	DEFAULT	0
messages	44	0	20	DEFAULT	DEFAULT	0
messages	45	0	20	DEFAULT	DEFAULT	0
messages	46	0	20	DEFAULT	DEFAULT	0
messages	47	0	20	DEFAULT	DEFAULT	0
messages	48	0	20	DEFAULT	DEFAULT	0
messages	49	0	20	DEFAULT	DEFAULT	0
messages	50	0	20	DEFAULT	DEFAULT	0
messages	51	0	20	DEFAULT	DEFAULT	0
messages	52	0	20	DEFAULT	DEFAULT	0
messages	53	0	20	DEFAULT	DEFAULT	0
messages	54	0	20	DEFAULT	DEFAULT	0
messages	55	0	20	DEFAULT	DEFAULT	0
messages	56	0	20	DEFAULT	DEFAULT	0
messages	57	0	20	DEFAULT	DEFAULT	0
messages	58	0	20	DEFAULT	DEFAULT	0
messages	59	0	20	DEFAULT	DEFAULT	0
messages	60	0	20	DEFAULT	DEFAULT	0
messages	61	0	20	DEFAULT	DEFAULT	0
messages	62	0	20	DEFAULT	DEFAULT	0
messages	63	0	20	DEFAULT	DEFAULT	0
messages	64	0	20	DEFAULT	DEFAULT	0
messages	65	0	20	DEFAULT	DEFAULT	0
messages	66	0	20	DEFAULT	DEFAULT	0
messages	67	0	20	DEFAULT	DEFAULT	0
messages	68	0	20	DEFAULT	DEFAULT	0
messages	69	0	20	DEFAULT	DEFAULT	0
messages	70	0	20	DEFAULT	DEFAULT	0
messages	71	0	20	DEFAULT	DEFAULT	0
messages	72	0	20	DEFAULT	DEFAULT	0
messages	73	0	20	DEFAULT	DEFAULT	0
messages	74	0	20	DEFAULT	DEFAULT	0
messages	75	0	20	DEFAULT	DEFAULT	0
messages	76	0	20	DEFAULT	DEFAULT	0
messages	77	0	20	DEFAULT	DEFAULT	0
messages	78	0	20	DEFAULT	DEFAULT	0
messages	79	0	20	DEFAULT	DEFAULT	0
messages	0	1	20	DEFAULT	DEFAULT	0
messages	1	1	20	DEFAULT	DEFAULT	0
messages	2	1	75	DEFAULT	DEFAULT	0
messages	3	1	73	DEFAULT	DEFAULT	0
messages	4	1	65	DEFAULT	DEFAULT	0
messages	5	1	72	DEFAULT	DEFAULT	0
messages	6	1	20	DEFAULT	DEFAULT	0
messages	7	1	20	DEFAULT	DEFAULT	0
messages	8	1	20	DEFAULT	DEFAULT	0
messages	9	1	20	DEFAULT	DEFAULT	0
messages	10	1	20	DEFAULT	DEFAULT	0
messages	11	1	20	DEFAULT	DEFAULT	0
messages	12	1	20	DEFAULT	DEFAULT	0
messages	13	1	20	DEFAULT	DEFAULT	0
messages	14	1	20	DEFAULT	DEFAULT	0
messages	15	1	20	DEFAULT	DEFAULT	0
messages	16	1	20	DEFAULT	DEFAULT	0
messages	17	1	20	DEFAULT	DEFAULT	0
messages	18	1	20	DEFAULT	DEFAULT	0
messages	19	1	20	DEFAULT	DEFAULT	0
messages	20	1	20	DEFAULT	DEFAULT	0
messages	21	1	20	DEFAULT	DEFAULT	0
messages	22	1	20	DEFAULT	DEFAULT	0
messages	23	1	20	DEFAULT	DEFAULT	0
messages	24	1	20	DEFAULT	DEFAULT	0
messages	25	1	20	DEFAULT	DEFAULT	0
messages	26	1	20	DEFAULT	DEFAULT	0
messages	27	1	20	DEFAULT	DEFAULT	0
messages	28	1	20	DEFAULT	DEFAULT	0
messages	29	1	20	DEFAULT	DEFAULT	0
messages	30	1	20	DEFAULT	DEFAULT	0
messages	31	1	20	DEFAULT	DEFAULT	0
messages	32	1	20	DEFAULT	DEFAULT	0
messages	33	1	20	DEFAULT	DEFAULT	0
messages	34	1	20	DEFAULT	DEFAULT	0
messages	35	1	20	DEFAULT	DEFAULT	0
messages	36	1	20	DEFAULT	DEFAULT	0
messages	37	1	20	DEFAULT	DEFAULT	0
messages	38	1	20	DEFAULT	DEFAULT	0
messages	39	1	20	DEFAULT	DEFAULT	0
messages	40	1	20	DEFAULT	DEFAULT	0
messages	41	1	20	DEFAULT	DEFAULT	0
messages	42	1	20	DEFAULT	DEFAULT	0
messages	43	1	20	DEFAULT	DEFAULT	0
messages	44	1	20	DEFAULT	DEFAULT	0
messages	45	1	20	DEFAULT	DEFAULT	0
messages	46	1	20	DEFAULT	DEFAULT	0
messages	47	1	20	DEFAULT	DEFAULT	0
messages	48	1	20	DEFAULT	DEFAULT	0
messages	49	1	20	DEFAULT	DEFAULT	0
messages	50	1	20	DEFAULT	DEFAULT	0
messages	51	1	20	DEFAULT	DEFAULT	0
messages	52	1	20	DEFAULT	DEFAULT	0
messages	53	1	20	DEFAULT	DEFAULT	0
messages	54	1	20	DEFAULT	DEFAULT	0
messages	55	1	20	DEFAULT	DEFAULT	0
messages	56	1	20	DEFAULT	DEFAULT	0
messages	57	1	20	DEFAULT	DEFAULT	0
messages	58	1	20	DEFAULT	DEFAULT	0
messages	59	1	20	DEFAULT	DEFAULT	0
messages	60	1	20	DEFAULT	DEFAULT	0
messages	61	1	20	DEFAULT	DEFAULT	0
messages	62	1	20	DEFAULT	DEFAULT	0
messages	63	1	20	DEFAULT	DEFAULT	0
messages	64	1	20	DEFAULT	DEFAULT	0
messages	65	1	20	DEFAULT	DEFAULT	0
messages	66	1	20	DEFAULT	DEFAULT	0
messages	67	1	20	DEFAULT	DEFAULT	0
messages	68	1	20	DEFAULT	DEFAULT	0
messages	69	1	20	DEFAULT	DEFAULT	0
messages	70	1	20	DEFAULT	DEFAULT	0
messages	71	1	20	DEFAULT	DEFAULT	0
messages	72	1	20	DEFAULT	DEFAULT	0
messages	73	1	20	DEFAULT	DEFAULT	0
messages	74	1	20	DEFAULT	DEFAULT	0
messages	75	1	20	DEFAULT	DEFAULT	0
messages	76	1	20	DEFAULT	DEFAULT	0
messages	77	1	20	DEFAULT	DEFAULT	0
messages	78	1	20	DEFAULT	DEFAULT	0
messages	79	1	20	DEFAULT	DEFAULT	0
messages	0	2	20	DEFAULT	DEFAULT	0
messages	1	2	20	DEFAULT	DEFAULT	0
messages	2	2	20	DEFAULT	DEFAULT	0
messages	3	2	20	DEFAULT	DEFAULT	0
messages	4	2	20	DEFAULT	DEFAULT	0
messages	5	2	20	DEFAULT	DEFAULT	0
messages	6	2	20	DEFAULT	DEFAULT	0
messages	7	2	20	DEFAULT	DEFAULT	0
messages	8	2	20	DEFAULT	DEFAULT	0
messages	9	2	20	DEFAULT	DEFAULT	0
messages	10	2	20	DEFAULT	DEFAULT	0
messages	11	2	20	DEFAULT	DEFAULT	0
messages	12	2	20	DEFAULT	DEFAULT	0
messages	13	2	20	DEFAULT	DEFAULT	0
messages	14	2	20	DEFAULT	DEFAULT	0
messages	15	2	20	DEFAULT	DEFAULT	0
messages	16	2	20	DEFAULT	DEFAULT	0
messages	17	2	20	DEFAULT	DEFAULT	0
messages	18	2	20	DEFAULT	DEFAULT	0
messages	19	2	20	DEFAULT	DEFAULT	0
messages	20	2	20	DEFAULT	DEFAULT	0
messages	21	2	20	DEFAULT	DEFAULT	0
messages	22	2	20	DEFAULT	DEFAULT	0
messages	23	2	20	DEFAULT	DEFAULT	0
messages	24	2	20	DEFAULT	DEFAULT	0
messages	25	2	20	DEFAULT	DEFAULT	0
messages	26	2	20	DEFAULT	DEFAULT	0
messages	27	2	20	DEFAULT	DEFAULT	0
messages	28	2	20	DEFAULT	DEFAULT	0
messages	29	2	20	DEFAULT	DEFAULT	0
messages	30	2	20	DEFAULT	DEFAULT	0
messages	31	2	20	DEFAULT	DEFAULT	0
messages	32	2	20	DEFAULT	DEFAULT	0
messages	33	2	20	DEFAULT	DEFAULT	0
messages	34	2	20	DEFAULT	DEFAULT	0
messages	35	2	20	DEFAULT	DEFAULT	0
messages	36	2	20	DEFAULT	DEFAULT	0
messages	37	2	20	DEFAULT	DEFAULT	0
messages	38	2	20	DEFAULT	DEFAULT	0
messages	39	2	20	DEFAULT	DEFAULT	0
messages	40	2	20	DEFAULT	DEFAULT	0
messages	41	2	20	DEFAULT	DEFAULT	0
messages	42	2	20	DEFAULT	DEFAULT	0
messages	43	2	20	DEFAULT	DEFAULT	0
messages	44	2	20	DEFAULT	DEFAULT	0
messages	45	2	20	DEFAULT	DEFAULT	0
messages	46	2	20	DEFAULT	DEFAULT	0
messages	47	2	20	DEFAULT	DEFAULT	0
messages	48	2	20	DEFAULT	DEFAULT	0
messages	49	2	20	DEFAULT	DEFAULT	0
messages	50	2	20	DEFAULT	DEFAULT	0
messages	51	2	20	DEFAULT	DEFAULT	0
messages	52	2	20	DEFAULT	DEFAULT	0
messages	53	2	20	DEFAULT	DEFAULT	0
messages	54	2	20	DEFAULT	DEFAULT	0
messages	55	2	20	DEFAULT	DEFAULT	0
messages	56	2	20	DEFAULT	DEFAULT	0
messages	57	2	20	DEFAULT	DEFAULT	0
messages	58	2	20	DEFAULT	DEFAULT	0
messages	59	2	20	DEFAULT	DEFAULT	0
messages	60	2	20	DEFAULT	DEFAULT	0
messages	61	2	20	DEFAULT	DEFAULT	0
messages	62	2	20	DEFAULT	DEFAULT	0
messages	63	2	20	DEFAULT	DEFAULT	0
messages	64	2	20	DEFAULT	DEFAULT	0
messages	65	2	20	DEFAULT	DEFAULT	0
messages	66	2	20	DEFAULT	DEFAULT	0
messages	67	2	20	DEFAULT	DEFAULT	0
messages	68	2	20	DEFAULT	DEFAULT	0
messages	69	2	20	DEFAULT	DEFAULT	0
messages	70	2	20	DEFAULT	DEFAULT	0
messages	71	2	20	DEFAULT	DEFAULT	0
messages	72	2	20	DEFAULT	DEFAULT	0
messages	73	2	20	DEFAULT	DEFAULT	0
messages	74	2	20	DEFAULT	DEFAULT	0
messages	75	2	20	DEFAULT	DEFAULT	0
messages	76	2	20	DEFAULT	DEFAULT	0
messages	77	2	20	DEFAULT	DEFAULT	0
messages	78	2	20	DEFAULT	DEFAULT	0
messages	79	2	20	DEFAULT	DEFAULT	0
messages	0	3	4b	RGB:81c784	DEFAULT	1
messages	1	3	69	RGB:81c784	DEFAULT	1
messages	2	3	72	RGB:81c784	DEFAULT	1
messages	3	3	6f	RGB:81c784	DEFAULT	1
messages	4	3	3a	RGB:81c784	DEFAULT	1
messages	5	3	20	DEFAULT	DEFAULT	0
messages	6	3	20	DEFAULT	DEFAULT	0
messages	7	3	20	DEFAULT	DEFAULT	0
messages	8	3	20	DEFAULT	DEFAULT	0
messages	9	3	20	DEFAULT	DEFAULT	0
messages	10	3	20	DEFAULT	DEFAULT	0
messages	11	3	20	DEFAULT	DEFAULT	0
messages	12	3	20	DEFAULT	DEFAULT	0
messages	13	3	20	DEFAULT	DEFAULT	0
messages	14	3	20	DEFAULT	DEFAULT	0
messages	15	3	20	DEFAULT	DEFAULT	0
messages	16	3	20	DEFAULT	DEFAULT	0
messages	17	3	20	DEFAULT	DEFAULT	0
messages	18	3	20	DEFAULT	DEFAULT	0
messages	19	3	20	DEFAULT	DEFAULT	0
messages	20	3	20	DEFAULT	DEFAULT	0
messages	21	3	20	DEFAULT	DEFAULT	0
messages	22	3	20	DEFAULT	DEFAULT	0
messages	23	3	20	DEFAULT	DEFAULT	0
messages	24	3	20	DEFAULT	DEFAULT	0
messages	25	3	20	DEFAULT	DEFAULT	0
messages	26	3	20	DEFAULT	DEFAULT	0
messages	27	3	20	DEFAULT	DEFAULT	0
messages	28	3	20	DEFAULT	DEFAULT	0
messages	29	3	20	DEFAULT	DEFAULT	0
messages	30	3	20	DEFAULT	DEFAULT	0
messages	31	3	20	DEFAULT	DEFAULT	0
messages	32	3	20	DEFAULT	DEFAULT	0
messages	33	3	20	DEFAULT	DEFAULT	0
messages	34	3	20	DEFAULT	DEFAULT	0
messages	35	3	20	DEFAULT	DEFAULT	0
messages	36	3	20	DEFAULT	DEFAULT	0
messages	37	3	20	DEFAULT	DEFAULT	0
messages	38	3	20	DEFAULT	DEFAULT	0
messages	39	3	20	DEFAULT	DEFAULT	0
messages	40	3	20	DEFAULT	DEFAULT	0
messages	41	3	20	DEFAULT	DEFAULT	0
messages	42	3	20	DEFAULT	DEFAULT	0
messages	43	3	20	DEFAULT	DEFAULT	0
messages	44	3	20	DEFAULT	DEFAULT	0
messages	45	3	20	DEFAULT	DEFAULT	0
messages	46	3	20	DEFAULT	DEFAULT	0
messages	47	3	20	DEFAULT	DEFAULT	0
messages	48	3	20	DEFAULT	DEFAULT	0
messages	49	3	20	DEFAULT	DEFAULT	0
messages	50	3	20	DEFAULT	DEFAULT	0
messages	51	3	20	DEFAULT	DEFAULT	0
messages	52	3	20	DEFAULT	DEFAULT	0
messages	53	3	20	DEFAULT	DEFAULT	0
messages	54	3	20	DEFAULT	DEFAULT	0
messages	55	3	20	DEFAULT	DEFAULT	0
messages	56	3	20	DEFAULT	DEFAULT	0
messages	57	3	20	DEFAULT	DEFAULT	0
messages	58	3	20	DEFAULT	DEFAULT	0
messages	59	3	20	DEFAULT	DEFAULT	0
messages	60	3	20	DEFAULT	DEFAULT	0
messages	61	3	20	DEFAULT	DEFAULT	0
messages	62	3	20	DEFAULT	DEFAULT	0
messages	63	3	20	DEFAULT	DEFAULT	0
messages	64	3	20	DEFAULT	DEFAULT	0
messages	65	3	20	DEFAULT	DEFAULT	0
messages	66	3	20	DEFAULT	DEFAULT	0
messages	67	3	20	DEFAULT	DEFAULT	0
messages	68	3	20	DEFAULT	DEFAULT	0
messages	69	3	20	DEFAULT	DEFAULT	0
messages	70	3	20	DEFAULT	DEFAULT	0
messages	71	3	20	DEFAULT	DEFAULT	0
messages	72	3	20	DEFAULT	DEFAULT	0
messages	73	3	20	DEFAULT	DEFAULT	0
messages	74	3	20	DEFAULT	DEFAULT	0
messages	75	3	20	DEFAULT	DEFAULT	0
messages	76	3	20	DEFAULT	DEFAULT	0
messages	77	3	20	DEFAULT	DEFAULT	0
messages	78	3	20	DEFAULT	DEFAULT	0
messages	79	3	20	DEFAULT	DEFAULT	0
messages	0	4	20	DEFAULT	DEFAULT	0
messages	1	4	20	DEFAULT	DEFAULT	0
messages	2	4	20	DEFAULT	DEFAULT	0
messages	3	4	20	DEFAULT	DEFAULT	0
messages	4	4	20	DEFAULT	DEFAULT	0
messages	5	4	20	DEFAULT	DEFAULT	0
messages	6	4	20	DEFAULT	DEFAULT	0
messages	7	4	20	DEFAULT	DEFAULT	0
messages	8	4	20	DEFAULT	DEFAULT	0
messages	9	4	20	DEFAULT	DEFAULT	0
messages	10	4	20	DEFAULT	DEFAULT	0
messages	11	4	20	DEFAULT	DEFAULT	0
messages	12	4	20	DEFAULT	DEFAULT	0
messages	13	4	20	DEFAULT	DEFAULT	0
messages	14	4	20	DEFAULT	DEFAULT	0
messages	15	4	20	DEFAULT	DEFAULT	0
messages	16	4	20	DEFAULT	DEFAULT	0
messages	17	4	20	DEFAULT	DEFAULT	0
messages	18	4	20	DEFAULT	DEFAULT	0
messages	19	4	20	DEFAULT	DEFAULT	0
messages	20	4	20	DEFAULT	DEFAULT	0
messages	21	4	20	DEFAULT	DEFAULT	0
messages	22	4	20	DEFAULT	DEFAULT	0
messages	23	4	20	DEFAULT	DEFAULT	0
messages	24	4	20	DEFAULT	DEFAULT	0
messages	25	4	20	DEFAULT	DEFAULT	0
messages	26	4	20	DEFAULT	DEFAULT	0
messages	27	4	20	DEFAULT	DEFAULT	0
messages	28	4	20	DEFAULT	DEFAULT	0
messages	29	4	20	DEFAULT	DEFAULT	0
messages	30	4	20	DEFAULT	DEFAULT	0
messages	31	4	20	DEFAULT	DEFAULT	0
messages	32	4	20	DEFAULT	DEFAULT	0
messages	33	4	20	DEFAULT	DEFAULT	0
messages	34	4	20	DEFAULT	DEFAULT	0
messages	35	4	20	DEFAULT	DEFAULT	0
messages	36	4	20	DEFAULT	DEFAULT	0
messages	37	4	20	DEFAULT	DEFAULT	0
messages	38	4	20	DEFAULT	DEFAULT	0
messages	39	4	20	DEFAULT	DEFAULT	0
messages	40	4	20	DEFAULT	DEFAULT	0
messages	41	4	20	DEFAULT	DEFAULT	0
messages	42	4	20	DEFAULT	DEFAULT	0
messages	43	4	20	DEFAULT	DEFAULT	0
messages	44	4	20	DEFAULT	DEFAULT	0
messages	45	4	20	DEFAULT	DEFAULT	0
messages	46	4	20	DEFAULT	DEFAULT	0
messages	47	4	20	DEFAULT	DEFAULT	0
messages	48	4	20	DEFAULT	DEFAULT	0
messages	49	4	20	DEFAULT	DEFAULT	0
messages	50	4	20	DEFAULT	DEFAULT	0
messages	51	4	20	DEFAULT	DEFAULT	0
messages	52	4	20	DEFAULT	DEFAULT	0
messages	53	4	20	DEFAULT	DEFAULT	0
messages	54	4	20	DEFAULT	DEFAULT	0
messages	55	4	20	DEFAULT	DEFAULT	0
messages	56	4	20	DEFAULT	DEFAULT	0
messages	57	4	20	DEFAULT	DEFAULT	0
messages	58	4	20	DEFAULT	DEFAULT	0
messages	59	4	20	DEFAULT	DEFAULT	0
messages	60	4	20	DEFAULT	DEFAULT	0
messages	61	4	20	DEFAULT	DEFAULT	0
messages	62	4	20	DEFAULT	DEFAULT	0
messages	63	4	20	DEFAULT	DEFAULT	0
messages	64	4	20	DEFAULT	DEFAULT	0
messages	65	4	20	DEFAULT	DEFAULT	0
messages	66	4	20	DEFAULT	DEFAULT	0
messages	67	4	20	DEFAULT	DEFAULT	0
messages	68	4	20	DEFAULT	DEFAULT	0
messages	69	4	20	DEFAULT	DEFAULT	0
messages	70	4	20	DEFAULT	DEFAULT	0
messages	71	4	20	DEFAULT	DEFAULT	0
messages	72	4	20	DEFAULT	DEFAULT	0
messages	73	4	20	DEFAULT	DEFAULT	0
messages	74	4	20	DEFAULT	DEFAULT	0
messages	75	4	20	DEFAULT	DEFAULT	0
messages	76	4	20	DEFAULT	DEFAULT	0
messages	77	4	20	DEFAULT	DEFAULT	0
messages	78	4	20	DEFAULT	DEFAULT	0
messages	79	4	20	DEFAULT	DEFAULT	0
messages	0	5	f09f92ad	RGB:8c8c8c	DEFAULT	4
messages	1	5	20	DEFAULT	DEFAULT	0
messages	2	5	20	RGB:8c8c8c	DEFAULT	4
messages	3	5	74	RGB:8c8c8c	DEFAULT	4
messages	4	5	68	RGB:8c8c8c	DEFAULT	4
messages	5	5	6f	RGB:8c8c8c	DEFAULT	4
messages	6	5	75	RGB:8c8c8c	DEFAULT	4
messages	7	5	67	RGB:8c8c8c	DEFAULT	4
messages	8	5	68	RGB:8c8c8c	DEFAULT	4
messages	9	5	74	RGB:8c8c8c	DEFAULT	4
messages	10	5	20	DEFAULT	DEFAULT	0
messages	11	5	20	DEFAULT	DEFAULT	0
messages	12	5	20	DEFAULT	DEFAULT	0
messages	13	5	20	DEFAULT	DEFAULT	0
messages	14	5	20	DEFAULT	DEFAULT	0
messages	15	5	20	DEFAULT	DEFAULT	0
messages	16	5	20	DEFAULT	DEFAULT	0
messages	17	5	20	DEFAULT	DEFAULT	0
messages	18	5	20	DEFAULT	DEFAULT	0
messages	19	5	20	DEFAULT	DEFAULT	0
messages	20	5	20	DEFAULT	DEFAULT	0
messages	21	5	20	DEFAULT	DEFAULT	0
messages	22	5	20	DEFAULT	DEFAULT	0
messages	23	5	20	DEFAULT	DEFAULT	0
messages	24	5	20	DEFAULT	DEFAULT	0
messages	25	5	20	DEFAULT	DEFAULT	0
messages	26	5	20	DEFAULT	DEFAULT	0
messages	27	5	20	DEFAULT	DEFAULT	0
messages	28	5	20	DEFAULT	DEFAULT	0
messages	29	5	20	DEFAULT	DEFAULT	0
messages	30	5	20	DEFAULT	DEFAULT	0
messages	31	5	20	DEFAULT	DEFAULT	0
messages	32	5	20	DEFAULT	DEFAULT	0
messages	33	5	20	DEFAULT	DEFAULT	0
messages	34	5	20	DEFAULT	DEFAULT	0
messages	35	5	20	DEFAULT	DEFAULT	0
messages	36	5	20	DEFAULT	DEFAULT	0
messages	37	5	20	DEFAULT	DEFAULT	0
messages	38	5	20	DEFAULT	DEFAULT	0
messages	39	5	20	DEFAULT	DEFAULT	0
messages	40	5	20	DEFAULT	DEFAULT	0
messages	41	5	20	DEFAULT	DEFAULT	0
messages	42	5	20	DEFAULT	DEFAULT	0
messages	43	5	20	DEFAULT	DEFAULT	0
messages	44	5	20	DEFAULT	DEFAULT	0
messages	45	5	20	DEFAULT	DEFAULT	0
messages	46	5	20	DEFAULT	DEFAULT	0
messages	47	5	20	DEFAULT	DEFAULT	0
messages	48	5	20	DEFAULT	DEFAULT	0
messages	49	5	20	DEFAULT	DEFAULT	0
messages	50	5	20	DEFAULT	DEFAULT	0
messages	51	5	20	DEFAULT	DEFAULT	0
messages	52	5	20	DEFAULT	DEFAULT	0
messages	53	5	20	DEFAULT	DEFAULT	0
messages	54	5	20	DEFAULT	DEFAULT	0
messages	55	5	20	DEFAULT	DEFAULT	0
messages	56	5	20	DEFAULT	DEFAULT	0
messages	57	5	20	DEFAULT	DEFAULT	0
messages	58	5	20	DEFAULT	DEFAULT	0
messages	59	5	20	DEFAULT	DEFAULT	0
messages	60	5	20	DEFAULT	DEFAULT	0
messages	61	5	20	DEFAULT	DEFAULT	0
messages	62	5	20	DEFAULT	DEFAULT	0
messages	63	5	20	DEFAULT	DEFAULT	0
messages	64	5	20	DEFAULT	DEFAULT	0
messages	65	5	20	DEFAULT	DEFAULT	0
messages	66	5	20	DEFAULT	DEFAULT	0
messages	67	5	20	DEFAULT	DEFAULT	0
messages	68	5	20	DEFAULT	DEFAULT	0
messages	69	5	20	DEFAULT	DEFAULT	0
messages	70	5	20	DEFAULT	DEFAULT	0
messages	71	5	20	DEFAULT	DEFAULT	0
messages	72	5	20	DEFAULT	DEFAULT	0
messages	73	5	20	DEFAULT	DEFAULT	0
messages	74	5	20	DEFAULT	DEFAULT	0
messages	75	5	20	DEFAULT	DEFAULT	0
messages	76	5	20	DEFAULT	DEFAULT	0
messages	77	5	20	DEFAULT	DEFAULT	0
messages	78	5	20	DEFAULT	DEFAULT	0
messages	79	5	20	DEFAULT	DEFAULT	0
messages	0	6	20	DEFAULT	DEFAULT	0
messages	1	6	20	DEFAULT	DEFAULT	0
messages	2	6	20	DEFAULT	DEFAULT	0
messages	3	6	20	DEFAULT	DEFAULT	0
messages	4	6	20	DEFAULT	DEFAULT	0
messages	5	6	20	DEFAULT	DEFAULT	0
messages	6	6	20	DEFAULT	DEFAULT	0
messages	7	6	20	DEFAULT	DEFAULT	0
messages	8	6	20	DEFAULT	DEFAULT	0
messages	9	6	20	DEFAULT	DEFAULT	0
messages	10	6	20	DEFAULT	DEFAULT	0
messages	11	6	20	DEFAULT	DEFAULT	0
messages	12	6	20	DEFAULT	DEFAULT	0
messages	13	6	20	DEFAULT	DEFAULT	0
messages	14	6	20	DEFAULT	DEFAULT	0
messages	15	6	20	DEFAULT	DEFAULT	0
messages	16	6	20	DEFAULT	DEFAULT	0
messages	17	6	20	DEFAULT	DEFAULT	0
messages	18	6	20	DEFAULT	DEFAULT	0
messages	19	6	20	DEFAULT	DEFAULT	0
messages	20	6	20	DEFAULT	DEFAULT	0
messages	21	6	20	DEFAULT	DEFAULT	0
messages	22	6	20	DEFAULT	DEFAULT	0
messages	23	6	20	DEFAULT	DEFAULT	0
messages	24	6	20	DEFAULT	DEFAULT	0
messages	25	6	20	DEFAULT	DEFAULT	0
messages	26	6	20	DEFAULT	DEFAULT	0
messages	27	6	20	DEFAULT	DEFAULT	0
messages	28	6	20	DEFAULT	DEFAULT	0
messages	29	6	20	DEFAULT	DEFAULT	0
messages	30	6	20	DEFAULT	DEFAULT	0
messages	31	6	20	DEFAULT	DEFAULT	0
messages	32	6	20	DEFAULT	DEFAULT	0
messages	33	6	20	DEFAULT	DEFAULT	0
messages	34	6	20	DEFAULT	DEFAULT	0
messages	35	6	20	DEFAULT	DEFAULT	0
messages	36	6	20	DEFAULT	DEFAULT	0
messages	37	6	20	DEFAULT	DEFAULT	0
messages	38	6	20	DEFAULT	DEFAULT	0
messages	39	6	20	DEFAULT	DEFAULT	0
messages	40	6	20	DEFAULT	DEFAULT	0
messages	41	6	20	DEFAULT	DEFAULT	0
messages	42	6	20	DEFAULT	DEFAULT	0
messages	43	6	20	DEFAULT	DEFAULT	0
messages	44	6	20	DEFAULT	DEFAULT	0
messages	45	6	20	DEFAULT	DEFAULT	0
messages	46	6	20	DEFAULT	DEFAULT	0
messages	47	6	20	DEFAULT	DEFAULT	0
messages	48	6	20	DEFAULT	DEFAULT	0
messages	49	6	20	DEFAULT	DEFAULT	0
messages	50	6	20	DEFAULT	DEFAULT	0
messages	51	6	20	DEFAULT	DEFAULT	0
messages	52	6	20	DEFAULT	DEFAULT	0
messages	53	6	20	DEFAULT	DEFAULT	0
messages	54	6	20	DEFAULT	DEFAULT	0
messages	55	6	20	DEFAULT	DEFAULT	0
messages	56	6	20	DEFAULT	DEFAULT	0
messages	57	6	20	DEFAULT	DEFAULT	0
messages	58	6	20	DEFAULT	DEFAULT	0
messages	59	6	20	DEFAULT	DEFAULT	0
messages	60	6	20	DEFAULT	DEFAULT	0
messages	61	6	20	DEFAULT	DEFAULT	0
messages	62	6	20	DEFAULT	DEFAULT	0
messages	63	6	20	DEFAULT	DEFAULT	0
messages	64	6	20	DEFAULT	DEFAULT	0
messages	65	6	20	DEFAULT	DEFAULT	0
messages	66	6	20	DEFAULT	DEFAULT	0
messages	67	6	20	DEFAULT	DEFAULT	0
messages	68	6	20	DEFAULT	DEFAULT	0
messages	69	6	20	DEFAULT	DEFAULT	0
messages	70	6	20	DEFAULT	DEFAULT	0
messages	71	6	20	DEFAULT	DEFAULT	0
messages	72	6	20	DEFAULT	DEFAULT	0
messages	73	6	20	DEFAULT	DEFAULT	0
messages	74	6	20	DEFAULT	DEFAULT	0
messages	75	6	20	DEFAULT	DEFAULT	0
messages	76	6	20	DEFAULT	DEFAULT	0
messages	77	6	20	DEFAULT	DEFAULT	0
messages	78	6	20	DEFAULT	DEFAULT	0
messages	79	6	20	DEFAULT	DEFAULT	0
messages	0	7	50	RGB:808000	DEFAULT	1
messages	1	7	6c	RGB:808000	DEFAULT	1
messages	2	7	61	RGB:808000	DEFAULT	1
messages	3	7	6e	RGB:808000	DEFAULT	1
messages	4	7	3a	RGB:808000	DEFAULT	1
messages	5	7	20	DEFAULT	DEFAULT	0
messages	6	7	20	DEFAULT	DEFAULT	0
messages	7	7	20	DEFAULT	DEFAULT	0
messages	8	7	20	DEFAULT	DEFAULT	0
messages	9	7	20	DEFAULT	DEFAULT	0
messages	10	7	20	DEFAULT	DEFAULT	0
messages	11	7	20	DEFAULT	DEFAULT	0
messages	12	7	20	DEFAULT	DEFAULT	0
messages	13	7	20	DEFAULT	DEFAULT	0
messages	14	7	20	DEFAULT	DEFAULT	0
messages	15	7	20	DEFAULT	DEFAULT	0
messages	16	7	20	DEFAULT	DEFAULT	0
messages	17	7	20	DEFAULT	DEFAULT	0
messages	18	7	20	DEFAULT	DEFAULT	0
messages	19	7	20	DEFAULT	DEFAULT	0
messages	20	7	20	DEFAULT	DEFAULT	0
messages	21	7	20	DEFAULT	DEFAULT	0
messages	22	7	20	DEFAULT	DEFAULT	0
messages	23	7	20	DEFAULT	DEFAULT	0
messages	24	7	20	DEFAULT	DEFAULT	0
messages	25	7	20	DEFAULT	DEFAULT	0
messages	26	7	20	DEFAULT	DEFAULT	0
messages	27	7	20	DEFAULT	DEFAULT	0
messages	28	7	20	DEFAULT	DEFAULT	0
messages	29	7	20	DEFAULT	DEFAULT	0
messages	30	7	20	DEFAULT	DEFAULT	0
messages	31	7	20	DEFAULT	DEFAULT	0
messages	32	7	20	DEFAULT	DEFAULT	0
messages	33	7	20	DEFAULT	DEFAULT	0
messages	34	7	20	DEFAULT	DEFAULT	0
messages	35	7	20	DEFAULT	DEFAULT	0
messages	36	7	20	DEFAULT	DEFAULT	0
messages	37	7	20	DEFAULT	DEFAULT	0
messages	38	7	20	DEFAULT	DEFAULT	0
messages	39	7	20	DEFAULT	DEFAULT	0
messages	40	7	20	DEFAULT	DEFAULT	0
messages	41	7	20	DEFAULT	DEFAULT	0
messages	42	7	20	DEFAULT	DEFAULT	0
messages	43	7	20	DEFAULT	DEFAULT	0
messages	44	7	20	DEFAULT	DEFAULT	0
messages	45	7	20	DEFAULT	DEFAULT	0
messages	46	7	20	DEFAULT	DEFAULT	0
messages	47	7	20	DEFAULT	DEFAULT	0
messages	48	7	20	DEFAULT	DEFAULT	0
messages	49	7	20	DEFAULT	DEFAULT	0
messages	50	7	20	DEFAULT	DEFAULT	0
messages	51	7	20	DEFAULT	DEFAULT	0
messages	52	7	20	DEFAULT	DEFAULT	0
messages	53	7	20	DEFAULT	DEFAULT	0
messages	54	7	20	DEFAULT	DEFAULT	0
messages	55	7	20	DEFAULT	DEFAULT	0
messages	56	7	20	DEFAULT	DEFAULT	0
messages	57	7	20	DEFAULT	DEFAULT	0
messages	58	7	20	DEFAULT	DEFAULT	0
messages	59	7	20	DEFAULT	DEFAULT	0
messages	60	7	20	DEFAULT	DEFAULT	0
messages	61	7	20	DEFAULT	DEFAULT	0
messages	62	7	20	DEFAULT	DEFAULT	0
messages	63	7	20	DEFAULT	DEFAULT	0
messages	64	7	20	DEFAULT	DEFAULT	0
messages	65	7	20	DEFAULT	DEFAULT	0
messages	66	7	20	DEFAULT	DEFAULT	0
messages	67	7	20	DEFAULT	DEFAULT	0
messages	68	7	20	DEFAULT	DEFAULT	0
messages	69	7	20	DEFAULT	DEFAULT	0
messages	70	7	20	DEFAULT	DEFAULT	0
messages	71	7	20	DEFAULT	DEFAULT	0
messages	72	7	20	DEFAULT	DEFAULT	0
messages	73	7	20	DEFAULT	DEFAULT	0
messages	74	7	20	DEFAULT	DEFAULT	0
messages	75	7	20	DEFAULT	DEFAULT	0
messages	76	7	20	DEFAULT	DEFAULT	0
messages	77	7	20	DEFAULT	DEFAULT	0
messages	78	7	20	DEFAULT	DEFAULT	0
messages	79	7	20	DEFAULT	DEFAULT	0
messages	0	8	20	DEFAULT	DEFAULT	0
messages	1	8	20	DEFAULT	DEFAULT	0
messages	2	8	20	DEFAULT	DEFAULT	0
messages	3	8	20	DEFAULT	DEFAULT	0
messages	4	8	20	DEFAULT	DEFAULT	0
messages	5	8	20	DEFAULT	DEFAULT	0
messages	6	8	20	DEFAULT	DEFAULT	0
messages	7	8	20	DEFAULT	DEFAULT	0
messages	8	8	20	DEFAULT	DEFAULT	0
messages	9	8	20	DEFAULT	DEFAULT	0
messages	10	8	20	DEFAULT	DEFAULT	0
messages	11	8	20	DEFAULT	DEFAULT	0
messages	12	8	20	DEFAULT	DEFAULT	0
messages	13	8	20	DEFAULT	DEFAULT	0
messages	14	8	20	DEFAULT	DEFAULT	0
messages	15	8	20	DEFAULT	DEFAULT	0
messages	16	8	20	DEFAULT	DEFAULT	0
messages	17	8	20	DEFAULT	DEFAULT	0
messages	18	8	20	DEFAULT	DEFAULT	0
messages	19	8	20	DEFAULT	DEFAULT	0
messages	20	8	20	DEFAULT	DEFAULT	0
messages	21	8	20	DEFAULT	DEFAULT	0
messages	22	8	20	DEFAULT	DEFAULT	0
messages	23	8	20	DEFAULT	DEFAULT	0
messages	24	8	20	DEFAULT	DEFAULT	0
messages	25	8	20	DEFAULT	DEFAULT	0
messages	26	8	20	DEFAULT	DEFAULT	0
messages	27	8	20	DEFAULT	DEFAULT	0
messages	28	8	20	DEFAULT	DEFAULT	0
messages	29	8	20	DEFAULT	DEFAULT	0
messages	30	8	20	DEFAULT	DEFAULT	0
messages	31	8	20	DEFAULT	DEFAULT	0
messages	32	8	20	DEFAULT	DEFAULT	0
messages	33	8	20	DEFAULT	DEFAULT	0
messages	34	8	20	DEFAULT	DEFAULT	0
messages	35	8	20	DEFAULT	DEFAULT	0
messages	36	8	20	DEFAULT	DEFAULT	0
messages	37	8	20	DEFAULT	DEFAULT	0
messages	38	8	20	DEFAULT	DEFAULT	0
messages	39	8	20	DEFAULT	DEFAULT	0
messages	40	8	20	DEFAULT	DEFAULT	0
messages	41	8	20	DEFAULT	DEFAULT	0
messages	42	8	20	DEFAULT	DEFAULT	0
messages	43	8	20	DEFAULT	DEFAULT	0
messages	44	8	20	DEFAULT	DEFAULT	0
messages	45	8	20	DEFAULT	DEFAULT	0
messages	46	8	20	DEFAULT	DEFAULT	0
messages	47	8	20	DEFAULT	DEFAULT	0
messages	48	8	20	DEFAULT	DEFAULT	0
messages	49	8	20	DEFAULT	DEFAULT	0
messages	50	8	20	DEFAULT	DEFAULT	0
messages	51	8	20	DEFAULT	DEFAULT	0
messages	52	8	20	DEFAULT	DEFAULT	0
messages	53	8	20	DEFAULT	DEFAULT	0
messages	54	8	20	DEFAULT	DEFAULT	0
messages	55	8	20	DEFAULT	DEFAULT	0
messages	56	8	20	DEFAULT	DEFAULT	0
messages	57	8	20	DEFAULT	DEFAULT	0
messages	58	8	20	DEFAULT	DEFAULT	0
messages	59	8	20	DEFAULT	DEFAULT	0
messages	60	8	20	DEFAULT	DEFAULT	0
messages	61	8	20	DEFAULT	DEFAULT	0
messages	62	8	20	DEFAULT	DEFAULT	0
messages	63	8	20	DEFAULT	DEFAULT	0
messages	64	8	20	DEFAULT	DEFAULT	0
messages	65	8	20	DEFAULT	DEFAULT	0
messages	66	8	20	DEFAULT	DEFAULT	0
messages	67	8	20	DEFAULT	DEFAULT	0
messages	68	8	20	DEFAULT	DEFAULT	0
messages	69	8	20	DEFAULT	DEFAULT	0
messages	70	8	20	DEFAULT	DEFAULT	0
messages	71	8	20	DEFAULT	DEFAULT	0
messages	72	8	20	DEFAULT	DEFAULT	0
messages	73	8	20	DEFAULT	DEFAULT	0
messages	74	8	20	DEFAULT	DEFAULT	0
messages	75	8	20	DEFAULT	DEFAULT	0
messages	76	8	20	DEFAULT	DEFAULT	0
messages	77	8	20	DEFAULT	DEFAULT	0
messages	78	8	20	DEFAULT	DEFAULT	0
messages	79	8	20	DEFAULT	DEFAULT	0
messages	0	9	73	RGB:b48ead	DEFAULT	4
messages	1	9	79	RGB:b48ead	DEFAULT	4
messages	2	9	73	RGB:b48ead	DEFAULT	4
messages	3	9	74	RGB:b48ead	DEFAULT	4
messages	4	9	65	RGB:b48ead	DEFAULT	4
messages	5	9	6d	RGB:b48ead	DEFAULT	4
messages	6	9	20	DEFAULT	DEFAULT	0
messages	7	9	20	DEFAULT	DEFAULT	0
messages	8	9	20	DEFAULT	DEFAULT	0
messages	9	9	20	DEFAULT	DEFAULT	0
messages	10	9	20	DEFAULT	DEFAULT	0
messages	11	9	20	DEFAULT	DEFAULT	0
messages	12	9	20	DEFAULT	DEFAULT	0
messages	13	9	20	DEFAULT	DEFAULT	0
messages	14	9	20	DEFAULT	DEFAULT	0
messages	15	9	20	DEFAULT	DEFAULT	0
messages	16	9	20	DEFAULT	DEFAULT	0
messages	17	9	20	DEFAULT	DEFAULT	0
messages	18	9	20	DEFAULT	DEFAULT	0
messages	19	9	20	DEFAULT	DEFAULT	0
messages	20	9	20	DEFAULT	DEFAULT	0
messages	21	9	20	DEFAULT	DEFAULT	0
messages	22	9	20	DEFAULT	DEFAULT	0
messages	23	9	20	DEFAULT	DEFAULT	0
messages	24	9	20	DEFAULT	DEFAULT	0
messages	25	9	20	DEFAULT	DEFAULT	0
messages	26	9	20	DEFAULT	DEFAULT	0
messages	27	9	20	DEFAULT	DEFAULT	0
messages	28	9	20	DEFAULT	DEFAULT	0
messages	29	9	20	DEFAULT	DEFAULT	0
messages	30	9	20	DEFAULT	DEFAULT	0
messages	31	9	20	DEFAULT	DEFAULT	0
messages	32	9	20	DEFAULT	DEFAULT	0
messages	33	9	20	DEFAULT	DEFAULT	0
messages	34	9	20	DEFAULT	DEFAULT	0
messages	35	9	20	DEFAULT	DEFAULT	0
messages	36	9	20	DEFAULT	DEFAULT	0
messages	37	9	20	DEFAULT	DEFAULT	0
messages	38	9	20	DEFAULT	DEFAULT	0
messages	39	9	20	DEFAULT	DEFAULT	0
messages	40	9	20	DEFAULT	DEFAULT	0
messages	41	9	20	DEFAULT	DEFAULT	0
messages	42	9	20	DEFAULT	DEFAULT	0
messages	43	9	20	DEFAULT	DEFAULT	0
messages	44	9	20	DEFAULT	DEFAULT	0
messages	45	9	20	DEFAULT	DEFAULT	0
messages	46	9	20	DEFAULT	DEFAULT	0
messages	47	9	20	DEFAULT	DEFAULT	0
messages	48	9	20	DEFAULT	DEFAULT	0
messages	49	9	20	DEFAULT	DEFAULT	0
messages	50	9	20	DEFAULT	DEFAULT	0
messages	51	9	20	DEFAULT	DEFAULT	0
messages	52	9	20	DEFAULT	DEFAULT	0
messages	53	9	20	DEFAULT	DEFAULT	0
messages	54	9	20	DEFAULT	DEFAULT	0
messages	55	9	20	DEFAULT	DEFAULT	0
messages	56	9	20	DEFAULT	DEFAULT	0
messages	57	9	20	DEFAULT	DEFAULT	0
messages	58	9	20	DEFAULT	DEFAULT	0
messages	59	9	20	DEFAULT	DEFAULT	0
messages	60	9	20	DEFAULT	DEFAULT	0
messages	61	9	20	DEFAULT	DEFAULT	0
messages	62	9	20	DEFAULT	DEFAULT	0
messages	63	9	20	DEFAULT	DEFAULT	0
messages	64	9	20	DEFAULT	DEFAULT	0
messages	65	9	20	DEFAULT	DEFAULT	0
messages	66	9	20	DEFAULT	DEFAULT	0
messages	67	9	20	DEFAULT	DEFAULT	0
messages	68	9	20	DEFAULT	DEFAULT	0
messages	69	9	20	DEFAULT	DEFAULT	0
messages	70	9	20	DEFAULT	DEFAULT	0
messages	71	9	20	DEFAULT	DEFAULT	0
messages	72	9	20	DEFAULT	DEFAULT	0
messages	73	9	20	DEFAULT	DEFAULT	0
messages	74	9	20	DEFAULT	DEFAULT	0
messages	75	9	20	DEFAULT	DEFAULT	0
messages	76	9	20	DEFAULT	DEFAULT	0
messages	77	9	20	DEFAULT	DEFAULT	0
messages	78	9	20	DEFAULT	DEFAULT	0
messages	79	9	20	DEFAULT	DEFAULT	0
messages	0	10	20	DEFAULT	DEFAULT	0
messages	1	10	20	DEFAULT	DEFAULT	0
messages	2	10	20	DEFAULT	DEFAULT	0
messages	3	10	20	DEFAULT	DEFAULT	0
messages	4	10	20	DEFAULT	DEFAULT	0
messages	5	10	20	DEFAULT	DEFAULT	0
messages	6	10	20	DEFAULT	DEFAULT	0
messages	7	10	20	DEFAULT	DEFAULT	0
messages	8	10	20	DEFAULT	DEFAULT	0
messages	9	10	20	DEFAULT	DEFAULT	0
messages	10	10	20	DEFAULT	DEFAULT	0
messages	11	10	20	DEFAULT	DEFAULT	0
messages	12	10	20	DEFAULT	DEFAULT	0
messages	13	10	20	DEFAULT	DEFAULT	0
messages	14	10	20	DEFAULT	DEFAULT	0
messages	15	10	20	DEFAULT	DEFAULT	0
messages	16	10	20	DEFAULT	DEFAULT	0
messages	17	10	20	DEFAULT	DEFAULT	0
messages	18	10	20	DEFAULT	DEFAULT	0
messages	19	10	20	DEFAULT	DEFAULT	0
messages	20	10	20	DEFAULT	DEFAULT	0
messages	21	10	20	DEFAULT	DEFAULT	0
messages	22	10	20	DEFAULT	DEFAULT	0
messages	23	10	20	DEFAULT	DEFAULT	0
messages	24	10	20	DEFAULT	DEFAULT	0
messages	25	10	20	DEFAULT	DEFAULT	0
messages	26	10	20	DEFAULT	DEFAULT	0
messages	27	10	20	DEFAULT	DEFAULT	0
messages	28	10	20	DEFAULT	DEFAULT	0
messages	29	10	20	DEFAULT	DEFAULT	0
messages	30	10	20	DEFAULT	DEFAULT	0
messages	31	10	20	DEFAULT	DEFAULT	0
messages	32	10	20	DEFAULT	DEFAULT	0
messages	33	10	20	DEFAULT	DEFAULT	0
messages	34	10	20	DEFAULT	DEFAULT	0
messages	35	10	20	DEFAULT	DEFAULT	0
messages	36	10	20	DEFAULT	DEFAULT	0
messages	37	10	20	DEFAULT	DEFAULT	0
messages	38	10	20	DEFAULT	DEFAULT	0
messages	39	10	20	DEFAULT	DEFAULT	0
messages	40	10	20	DEFAULT	DEFAULT	0
messages	41	10	20	DEFAULT	DEFAULT	0
messages	42	10	20	DEFAULT	DEFAULT	0
messages	43	10	20	DEFAULT	DEFAULT	0
messages	44	10	20	DEFAULT	DEFAULT	0
messages	45	10	20	DEFAULT	DEFAULT	0
messages	46	10	20	DEFAULT	DEFAULT	0
messages	47	10	20	DEFAULT	DEFAULT	0
messages	48	10	20	DEFAULT	DEFAULT	0
messages	49	10	20	DEFAULT	DEFAULT	0
messages	50	10	20	DEFAULT	DEFAULT	0
messages	51	10	20	DEFAULT	DEFAULT	0
messages	52	10	20	DEFAULT	DEFAULT	0
messages	53	10	20	DEFAULT	DEFAULT	0
messages	54	10	20	DEFAULT	DEFAULT	0
messages	55	10	20	DEFAULT	DEFAULT	0
messages	56	10	20	DEFAULT	DEFAULT	0
messages	57	10	20	DEFAULT	DEFAULT	0
messages	58	10	20	DEFAULT	DEFAULT	0
messages	59	10	20	DEFAULT	DEFAULT	0
messages	60	10	20	DEFAULT	DEFAULT	0
messages	61	10	20	DEFAULT	DEFAULT	0
messages	62	10	20	DEFAULT	DEFAULT	0
messages	63	10	20	DEFAULT	DEFAULT	0
messages	64	10	20	DEFAULT	DEFAULT	0
messages	65	10	20	DEFAULT	DEFAULT	0
messages	66	10	20	DEFAULT	DEFAULT	0
messages	67	10	20	DEFAULT	DEFAULT	0
messages	68	10	20	DEFAULT	DEFAULT	0
messages	69	10	20	DEFAULT	DEFAULT	0
messages	70	10	20	DEFAULT	DEFAULT	0
messages	71	10	20	DEFAULT	DEFAULT	0
messages	72	10	20	DEFAULT	DEFAULT	0
messages	73	10	20	DEFAULT	DEFAULT	0
messages	74	10	20	DEFAULT	DEFAULT	0
messages	75	10	20	DEFAULT	DEFAULT	0
messages	76	10	20	DEFAULT	DEFAULT	0
messages	77	10	20	DEFAULT	DEFAULT	0
messages	78	10	20	DEFAULT	DEFAULT	0
messages	79	10	20	DEFAULT	DEFAULT	0
messages	0	11	2f	RGB:8ab4f8	DEFAULT	1
messages	1	11	63	RGB:8ab4f8	DEFAULT	1
messages	2	11	6f	RGB:8ab4f8	DEFAULT	1
messages	3	11	6e	RGB:8ab4f8	DEFAULT	1
messages	4	11	74	RGB:8ab4f8	DEFAULT	1
messages	5	11	65	RGB:8ab4f8	DEFAULT	1
messages	6	11	78	RGB:8ab4f8	DEFAULT	1
messages	7	11	74	RGB:8ab4f8	DEFAULT	1
messages	8	11	3a	RGB:8ab4f8	DEFAULT	1
messages	9	11	20	DEFAULT	DEFAULT	0
messages	10	11	20	DEFAULT	DEFAULT	0
messages	11	11	20	DEFAULT	DEFAULT	0
messages	12	11	20	DEFAULT	DEFAULT	0
messages	13	11	20	DEFAULT	DEFAULT	0
messages	14	11	20	DEFAULT	DEFAULT	0
messages	15	11	20	DEFAULT	DEFAULT	0
messages	16	11	20	DEFAULT	DEFAULT	0
messages	17	11	20	DEFAULT	DEFAULT	0
messages	18	11	20	DEFAULT	DEFAULT	0
messages	19	11	20	DEFAULT	DEFAULT	0
messages	20	11	20	DEFAULT	DEFAULT	0
messages	21	11	20	DEFAULT	DEFAULT	0
messages	22	11	20	DEFAULT	DEFAULT	0
messages	23	11	20	DEFAULT	DEFAULT	0
messages	24	11	20	DEFAULT	DEFAULT	0
messages	25	11	20	DEFAULT	DEFAULT	0
messages	26	11	20	DEFAULT	DEFAULT	0
messages	27	11	20	DEFAULT	DEFAULT	0
messages	28	11	20	DEFAULT	DEFAULT	0
messages	29	11	20	DEFAULT	DEFAULT	0
messages	30	11	20	DEFAULT	DEFAULT	0
messages	31	11	20	DEFAULT	DEFAULT	0
messages	32	11	20	DEFAULT	DEFAULT	0
messages	33	11	20	DEFAULT	DEFAULT	0
messages	34	11	20	DEFAULT	DEFAULT	0
messages	35	11	20	DEFAULT	DEFAULT	0
messages	36	11	20	DEFAULT	DEFAULT	0
messages	37	11	20	DEFAULT	DEFAULT	0
messages	38	11	20	DEFAULT	DEFAULT	0
messages	39	11	20	DEFAULT	DEFAULT	0
messages	40	11	20	DEFAULT	DEFAULT	0
messages	41	11	20	DEFAULT	DEFAULT	0
messages	42	11	20	DEFAULT	DEFAULT	0
messages	43	11	20	DEFAULT	DEFAULT	0
messages	44	11	20	DEFAULT	DEFAULT	0
messages	45	11	20	DEFAULT	DEFAULT	0
messages	46	11	20	DEFAULT	DEFAULT	0
messages	47	11	20	DEFAULT	DEFAULT	0
messages	48	11	20	DEFAULT	DEFAULT	0
messages	49	11	20	DEFAULT	DEFAULT	0
messages	50	11	20	DEFAULT	DEFAULT	0
messages	51	11	20	DEFAULT	DEFAULT	0
messages	52	11	20	DEFAULT	DEFAULT	0
messages	53	11	20	DEFAULT	DEFAULT	0
messages	54	11	20	DEFAULT	DEFAULT	0
messages	55	11	20	DEFAULT	DEFAULT	0
messages	56	11	20	DEFAULT	DEFAULT	0
messages	57	11	20	DEFAULT	DEFAULT	0
messages	58	11	20	DEFAULT	DEFAULT	0
messages	59	11	20	DEFAULT	DEFAULT	0
messages	60	11	20	DEFAULT	DEFAULT	0
messages	61	11	20	DEFAULT	DEFAULT	0
messages	62	11	20	DEFAULT	DEFAULT	0
messages	63	11	20	DEFAULT	DEFAULT	0
messages	64	11	20	DEFAULT	DEFAULT	0
messages	65	11	20	DEFAULT	DEFAULT	0
messages	66	11	20	DEFAULT	DEFAULT	0
messages	67	11	20	DEFAULT	DEFAULT	0
messages	68	11	20	DEFAULT	DEFAULT	0
messages	69	11	20	DEFAULT	DEFAULT	0
messages	70	11	20	DEFAULT	DEFAULT	0
messages	71	11	20	DEFAULT	DEFAULT	0
messages	72	11	20	DEFAULT	DEFAULT	0
messages	73	11	20	DEFAULT	DEFAULT	0
messages	74	11	20	DEFAULT	DEFAULT	0
messages	75	11	20	DEFAULT	DEFAULT	0
messages	76	11	20	DEFAULT	DEFAULT	0
messages	77	11	20	DEFAULT	DEFAULT	0
messages	78	11	20	DEFAULT	DEFAULT	0
messages	79	11	20	DEFAULT	DEFAULT	0
messages	0	12	20	DEFAULT	DEFAULT	0
messages	1	12	20	DEFAULT	DEFAULT	0
messages	2	12	20	DEFAULT	DEFAULT	0
messages	3	12	20	DEFAULT	DEFAULT	0
messages	4	12	20	DEFAULT	DEFAULT	0
messages	5	12	20	DEFAULT	DEFAULT	0
messages	6	12	20	DEFAULT	DEFAULT	0
messages	7	12	20	DEFAULT	DEFAULT	0
messages	8	12	20	DEFAULT	DEFAULT	0
messages	9	12	20	DEFAULT	DEFAULT	0
messages	10	12	20	DEFAULT	DEFAULT	0
messages	11	12	20	DEFAULT	DEFAULT	0
messages	12	12	20	DEFAULT	DEFAULT	0
messages	13	12	20	DEFAULT	DEFAULT	0
messages	14	12	20	DEFAULT	DEFAULT	0
messages	15	12	20	DEFAULT	DEFAULT	0
messages	16	12	20	DEFAULT	DEFAULT	0
messages	17	12	20	DEFAULT	DEFAULT	0
messages	18	12	20	DEFAULT	DEFAULT	0
messages	19	12	20	DEFAULT	DEFAULT	0
messages	20	12	20	DEFAULT	DEFAULT	0
messages	21	12	20	DEFAULT	DEFAULT	0
messages	22	12	20	DEFAULT	DEFAULT	0
messages	23	12	20	DEFAULT	DEFAULT	0
messages	24	12	20	DEFAULT	DEFAULT	0
messages	25	12	20	DEFAULT	DEFAULT	0
messages	26	12	20	DEFAULT	DEFAULT	0
messages	27	12	20	DEFAULT	DEFAULT	0
messages	28	12	20	DEFAULT	DEFAULT	0
messages	29	12	20	DEFAULT	DEFAULT	0
messages	30	12	20	DEFAULT	DEFAULT	0
messages	31	12	20	DEFAULT	DEFAULT	0
messages	32	12	20	DEFAULT	DEFAULT	0
messages	33	12	20	DEFAULT	DEFAULT	0
messages	34	12	20	DEFAULT	DEFAULT	0
messages	35	12	20	DEFAULT	DEFAULT	0
messages	36	12	20	DEFAULT	DEFAULT	0
messages	37	12	20	DEFAULT	DEFAULT	0
messages	38	12	20	DEFAULT	DEFAULT	0
messages	39	12	20	DEFAULT	DEFAULT	0
messages	40	12	20	DEFAULT	DEFAULT	0
messages	41	12	20	DEFAULT	DEFAULT	0
messages	42	12	20	DEFAULT	DEFAULT	0
messages	43	12	20	DEFAULT	DEFAULT	0
messages	44	12	20	DEFAULT	DEFAULT	0
messages	45	12	20	DEFAULT	DEFAULT	0
messages	46	12	20	DEFAULT	DEFAULT	0
messages	47	12	20	DEFAULT	DEFAULT	0
messages	48	12	20	DEFAULT	DEFAULT	0
messages	49	12	20	DEFAULT	DEFAULT	0
messages	50	12	20	DEFAULT	DEFAULT	0
messages	51	12	20	DEFAULT	DEFAULT	0
messages	52	12	20	DEFAULT	DEFAULT	0
messages	53	12	20	DEFAULT	DEFAULT	0
messages	54	12	20	DEFAULT	DEFAULT	0
messages	55	12	20	DEFAULT	DEFAULT	0
messages	56	12	20	DEFAULT	DEFAULT	0
messages	57	12	20	DEFAULT	DEFAULT	0
messages	58	12	20	DEFAULT	DEFAULT	0
messages	59	12	20	DEFAULT	DEFAULT	0
messages	60	12	20	DEFAULT	DEFAULT	0
messages	61	12	20	DEFAULT	DEFAULT	0
messages	62	12	20	DEFAULT	DEFAULT	0
messages	63	12	20	DEFAULT	DEFAULT	0
messages	64	12	20	DEFAULT	DEFAULT	0
messages	65	12	20	DEFAULT	DEFAULT	0
messages	66	12	20	DEFAULT	DEFAULT	0
messages	67	12	20	DEFAULT	DEFAULT	0
messages	68	12	20	DEFAULT	DEFAULT	0
messages	69	12	20	DEFAULT	DEFAULT	0
messages	70	12	20	DEFAULT	DEFAULT	0
messages	71	12	20	DEFAULT	DEFAULT	0
messages	72	12	20	DEFAULT	DEFAULT	0
messages	73	12	20	DEFAULT	DEFAULT	0
messages	74	12	20	DEFAULT	DEFAULT	0
messages	75	12	20	DEFAULT	DEFAULT	0
messages	76	12	20	DEFAULT	DEFAULT	0
messages	77	12	20	DEFAULT	DEFAULT	0
messages	78	12	20	DEFAULT	DEFAULT	0
messages	79	12	20	DEFAULT	DEFAULT	0
messages	0	13	20	RGB:808000	DEFAULT	4
messages	1	13	20	RGB:808000	DEFAULT	4
messages	2	13	e286b3	RGB:808000	DEFAULT	4
messages	3	13	20	RGB:808000	DEFAULT	4
messages	4	13	73	RGB:808000	DEFAULT	4
messages	5	13	74	RGB:808000	DEFAULT	4
messages	6	13	65	RGB:808000	DEFAULT	4
messages	7	13	65	RGB:808000	DEFAULT	4
messages	8	13	72	RGB:808000	DEFAULT	4
messages	9	13	3a	RGB:808000	DEFAULT	4
messages	10	13	20	RGB:808000	DEFAULT	4
messages	11	13	71	RGB:808000	DEFAULT	4
messages	12	13	75	RGB:808000	DEFAULT	4
messages	13	13	65	RGB:808000	DEFAULT	4
messages	14	13	75	RGB:808000	DEFAULT	4
messages	15	13	65	RGB:808000	DEFAULT	4
messages	16	13	64	RGB:808000	DEFAULT	4
messages	17	13	20	RGB:808000	DEFAULT	4
messages	18	13	e28094	RGB:808000	DEFAULT	4
messages	19	13	20	RGB:808000	DEFAULT	4
messages	20	13	71	RGB:808000	DEFAULT	4
messages	21	13	75	RGB:808000	DEFAULT	4
messages	22	13	65	RGB:808000	DEFAULT	4
messages	23	13	75	RGB:808000	DEFAULT	4
messages	24	13	65	RGB:808000	DEFAULT	4
messages	25	13	64	RGB:808000	DEFAULT	4
messages	26	13	20	DEFAULT	DEFAULT	0
messages	27	13	20	DEFAULT	DEFAULT	0
messages	28	13	20	DEFAULT	DEFAULT	0
messages	29	13	20	DEFAULT	DEFAULT	0
messages	30	13	20	DEFAULT	DEFAULT	0
messages	31	13	20	DEFAULT	DEFAULT	0
messages	32	13	20	DEFAULT	DEFAULT	0
messages	33	13	20	DEFAULT	DEFAULT	0
messages	34	13	20	DEFAULT	DEFAULT	0
messages	35	13	20	DEFAULT	DEFAULT	0
messages	36	13	20	DEFAULT	DEFAULT	0
messages	37	13	20	DEFAULT	DEFAULT	0
messages	38	13	20	DEFAULT	DEFAULT	0
messages	39	13	20	DEFAULT	DEFAULT	0
messages	40	13	20	DEFAULT	DEFAULT	0
messages	41	13	20	DEFAULT	DEFAULT	0
messages	42	13	20	DEFAULT	DEFAULT	0
messages	43	13	20	DEFAULT	DEFAULT	0
messages	44	13	20	DEFAULT	DEFAULT	0
messages	45	13	20	DEFAULT	DEFAULT	0
messages	46	13	20	DEFAULT	DEFAULT	0
messages	47	13	20	DEFAULT	DEFAULT	0
messages	48	13	20	DEFAULT	DEFAULT	0
messages	49	13	20	DEFAULT	DEFAULT	0
messages	50	13	20	DEFAULT	DEFAULT	0
messages	51	13	20	DEFAULT	DEFAULT	0
messages	52	13	20	DEFAULT	DEFAULT	0
messages	53	13	20	DEFAULT	DEFAULT	0
messages	54	13	20	DEFAULT	DEFAULT	0
messages	55	13	20	DEFAULT	DEFAULT	0
messages	56	13	20	DEFAULT	DEFAULT	0
messages	57	13	20	DEFAULT	DEFAULT	0
messages	58	13	20	DEFAULT	DEFAULT	0
messages	59	13	20	DEFAULT	DEFAULT	0
messages	60	13	20	DEFAULT	DEFAULT	0
messages	61	13	20	DEFAULT	DEFAULT	0
messages	62	13	20	DEFAULT	DEFAULT	0
messages	63	13	20	DEFAULT	DEFAULT	0
messages	64	13	20	DEFAULT	DEFAULT	0
messages	65	13	20	DEFAULT	DEFAULT	0
messages	66	13	20	DEFAULT	DEFAULT	0
messages	67	13	20	DEFAULT	DEFAULT	0
messages	68	13	20	DEFAULT	DEFAULT	0
messages	69	13	20	DEFAULT	DEFAULT	0
messages	70	13	20	DEFAULT	DEFAULT	0
messages	71	13	20	DEFAULT	DEFAULT	0
messages	72	13	20	DEFAULT	DEFAULT	0
messages	73	13	20	DEFAULT	DEFAULT	0
messages	74	13	20	DEFAULT	DEFAULT	0
messages	75	13	20	DEFAULT	DEFAULT	0
messages	76	13	20	DEFAULT	DEFAULT	0
messages	77	13	20	DEFAULT	DEFAULT	0
messages	78	13	20	DEFAULT	DEFAULT	0
messages	79	13	20	DEFAULT	DEFAULT	0
messages	0	14	20	DEFAULT	DEFAULT	0
messages	1	14	20	DEFAULT	DEFAULT	0
messages	2	14	20	DEFAULT	DEFAULT	0
messages	3	14	20	DEFAULT	DEFAULT	0
messages	4	14	20	DEFAULT	DEFAULT	0
messages	5	14	20	DEFAULT	DEFAULT	0
messages	6	14	20	DEFAULT	DEFAULT	0
messages	7	14	20	DEFAULT	DEFAULT	0
messages	8	14	20	DEFAULT	DEFAULT	0
messages	9	14	20	DEFAULT	DEFAULT	0
messages	10	14	20	DEFAULT	DEFAULT	0
messages	11	14	20	DEFAULT	DEFAULT	0
messages	12	14	20	DEFAULT	DEFAULT	0
messages	13	14	20	DEFAULT	DEFAULT	0
messages	14	14	20	DEFAULT	DEFAULT	0
messages	15	14	20	DEFAULT	DEFAULT	0
messages	16	14	20	DEFAULT	DEFAULT	0
messages	17	14	20	DEFAULT	DEFAULT	0
messages	18	14	20	DEFAULT	DEFAULT	0
messages	19	14	20	DEFAULT	DEFAULT	0
messages	20	14	20	DEFAULT	DEFAULT	0
messages	21	14	20	DEFAULT	DEFAULT	0
messages	22	14	20	DEFAULT	DEFAULT	0
messages	23	14	20	DEFAULT	DEFAULT	0
messages	24	14	20	DEFAULT	DEFAULT	0
messages	25	14	20	DEFAULT	DEFAULT	0
messages	26	14	20	DEFAULT	DEFAULT	0
messages	27	14	20	DEFAULT	DEFAULT	0
messages	28	14	20	DEFAULT	DEFAULT	0
messages	29	14	20	DEFAULT	DEFAULT	0
messages	30	14	20	DEFAULT	DEFAULT	0
messages	31	14	20	DEFAULT	DEFAULT	0
messages	32	14	20	DEFAULT	DEFAULT	0
messages	33	14	20	DEFAULT	DEFAULT	0
messages	34	14	20	DEFAULT	DEFAULT	0
messages	35	14	20	DEFAULT	DEFAULT	0
messages	36	14	20	DEFAULT	DEFAULT	0
messages	37	14	20	DEFAULT	DEFAULT	0
messages	38	14	20	DEFAULT	DEFAULT	0
messages	39	14	20	DEFAULT	DEFAULT	0
messages	40	14	20	DEFAULT	DEFAULT	0
messages	41	14	20	DEFAULT	DEFAULT	0
messages	42	14	20	DEFAULT	DEFAULT	0
messages	43	14	20	DEFAULT	DEFAULT	0
messages	44	14	20	DEFAULT	DEFAULT	0
messages	45	14	20	DEFAULT	DEFAULT	0
messages	46	14	20	DEFAULT	DEFAULT	0
messages	47	14	20	DEFAULT	DEFAULT	0
messages	48	14	20	DEFAULT	DEFAULT	0
messages	49	14	20	DEFAULT	DEFAULT	0
messages	50	14	20	DEFAULT	DEFAULT	0
messages	51	14	20	DEFAULT	DEFAULT	0
messages	52	14	20	DEFAULT	DEFAULT	0
messages	53	14	20	DEFAULT	DEFAULT	0
messages	54	14	20	DEFAULT	DEFAULT	0
messages	55	14	20	DEFAULT	DEFAULT	0
messages	56	14	20	DEFAULT	DEFAULT	0
messages	57	14	20	DEFAULT	DEFAULT	0
messages	58	14	20	DEFAULT	DEFAULT	0
messages	59	14	20	DEFAULT	DEFAULT	0
messages	60	14	20	DEFAULT	DEFAULT	0
messages	61	14	20	DEFAULT	DEFAULT	0
messages	62	14	20	DEFAULT	DEFAULT	0
messages	63	14	20	DEFAULT	DEFAULT	0
messages	64	14	20	DEFAULT	DEFAULT	0
messages	65	14	20	DEFAULT	DEFAULT	0
messages	66	14	20	DEFAULT	DEFAULT	0
messages	67	14	20	DEFAULT	DEFAULT	0
messages	68	14	20	DEFAULT	DEFAULT	0
messages	69	14	20	DEFAULT	DEFAULT	0
messages	70	14	20	DEFAULT	DEFAULT	0
messages	71	14	20	DEFAULT	DEFAULT	0
messages	72	14	20	DEFAULT	DEFAULT	0
messages	73	14	20	DEFAULT	DEFAULT	0
messages	74	14	20	DEFAULT	DEFAULT	0
messages	75	14	20	DEFAULT	DEFAULT	0
messages	76	14	20	DEFAULT	DEFAULT	0
messages	77	14	20	DEFAULT	DEFAULT	0
messages	78	14	20	DEFAULT	DEFAULT	0
messages	79	14	20	DEFAULT	DEFAULT	0
messages	0	15	20	RGB:81c784	DEFAULT	4
messages	1	15	20	RGB:81c784	DEFAULT	4
messages	2	15	e286b3	RGB:81c784	DEFAULT	4
messages	3	15	20	RGB:81c784	DEFAULT	4
messages	4	15	73	RGB:81c784	DEFAULT	4
messages	5	15	74	RGB:81c784	DEFAULT	4
messages	6	15	65	RGB:81c784	DEFAULT	4
messages	7	15	65	RGB:81c784	DEFAULT	4
messages	8	15	72	RGB:81c784	DEFAULT	4
messages	9	15	3a	RGB:81c784	DEFAULT	4
messages	10	15	20	RGB:81c784	DEFAULT	4
messages	11	15	61	RGB:81c784	DEFAULT	4
messages	12	15	70	RGB:81c784	DEFAULT	4
messages	13	15	70	RGB:81c784	DEFAULT	4
messages	14	15	6c	RGB:81c784	DEFAULT	4
messages	15	15	69	RGB:81c784	DEFAULT	4
messages	16	15	65	RGB:81c784	DEFAULT	4
messages	17	15	64	RGB:81c784	DEFAULT	4
messages	18	15	20	RGB:81c784	DEFAULT	4
messages	19	15	e28094	RGB:81c784	DEFAULT	4
messages	20	15	20	RGB:81c784	DEFAULT	4
messages	21	15	61	RGB:81c784	DEFAULT	4
messages	22	15	70	RGB:81c784	DEFAULT	4
messages	23	15	70	RGB:81c784	DEFAULT	4
messages	24	15	6c	RGB:81c784	DEFAULT	4
messages	25	15	69	RGB:81c784	DEFAULT	4
messages	26	15	65	RGB:81c784	DEFAULT	4
messages	27	15	64	RGB:81c784	DEFAULT	4
messages	28	15	20	DEFAULT	DEFAULT	0
messages	29	15	20	DEFAULT	DEFAULT	0
messages	30	15	20	DEFAULT	DEFAULT	0
messages	31	15	20	DEFAULT	DEFAULT	0
messages	32	15	20	DEFAULT	DEFAULT	0
messages	33	15	20	DEFAULT	DEFAULT	0
messages	34	15	20	DEFAULT	DEFAULT	0
messages	35	15	20	DEFAULT	DEFAULT	0
messages	36	15	20	DEFAULT	DEFAULT	0
messages	37	15	20	DEFAULT	DEFAULT	0
messages	38	15	20	DEFAULT	DEFAULT	0
messages	39	15	20	DEFAULT	DEFAULT	0
messages	40	15	20	DEFAULT	DEFAULT	0
messages	41	15	20	DEFAULT	DEFAULT	0
messages	42	15	20	DEFAULT	DEFAULT	0
messages	43	15	20	DEFAULT	DEFAULT	0
messages	44	15	20	DEFAULT	DEFAULT	0
messages	45	15	20	DEFAULT	DEFAULT	0
messages	46	15	20	DEFAULT	DEFAULT	0
messages	47	15	20	DEFAULT	DEFAULT	0
messages	48	15	20	DEFAULT	DEFAULT	0
messages	49	15	20	DEFAULT	DEFAULT	0
messages	50	15	20	DEFAULT	DEFAULT	0
messages	51	15	20	DEFAULT	DEFAULT	0
messages	52	15	20	DEFAULT	DEFAULT	0
messages	53	15	20	DEFAULT	DEFAULT	0
messages	54	15	20	DEFAULT	DEFAULT	0
messages	55	15	20	DEFAULT	DEFAULT	0
messages	56	15	20	DEFAULT	DEFAULT	0
messages	57	15	20	DEFAULT	DEFAULT	0
messages	58	15	20	DEFAULT	DEFAULT	0
messages	59	15	20	DEFAULT	DEFAULT	0
messages	60	15	20	DEFAULT	DEFAULT	0
messages	61	15	20	DEFAULT	DEFAULT	0
messages	62	15	20	DEFAULT	DEFAULT	0
messages	63	15	20	DEFAULT	DEFAULT	0
messages	64	15	20	DEFAULT	DEFAULT	0
messages	65	15	20	DEFAULT	DEFAULT	0
messages	66	15	20	DEFAULT	DEFAULT	0
messages	67	15	20	DEFAULT	DEFAULT	0
messages	68	15	20	DEFAULT	DEFAULT	0
messages	69	15	20	DEFAULT	DEFAULT	0
messages	70	15	20	DEFAULT	DEFAULT	0
messages	71	15	20	DEFAULT	DEFAULT	0
messages	72	15	20	DEFAULT	DEFAULT	0
messages	73	15	20	DEFAULT	DEFAULT	0
messages	74	15	20	DEFAULT	DEFAULT	0
messages	75	15	20	DEFAULT	DEFAULT	0
messages	76	15	20	DEFAULT	DEFAULT	0
messages	77	15	20	DEFAULT	DEFAULT	0
messages	78	15	20	DEFAULT	DEFAULT	0
messages	79	15	20	DEFAULT	DEFAULT	0
messages	0	16	20	DEFAULT	DEFAULT	0
messages	1	16	20	DEFAULT	DEFAULT	0
messages	2	16	20	DEFAULT	DEFAULT	0
messages	3	16	20	DEFAULT	DEFAULT	0
messages	4	16	20	DEFAULT	DEFAULT	0
messages	5	16	20	DEFAULT	DEFAULT	0
messages	6	16	20	DEFAULT	DEFAULT	0
messages	7	16	20	DEFAULT	DEFAULT	0
messages	8	16	20	DEFAULT	DEFAULT	0
messages	9	16	20	DEFAULT	DEFAULT	0
messages	10	16	20	DEFAULT	DEFAULT	0
messages	11	16	20	DEFAULT	DEFAULT	0
messages	12	16	20	DEFAULT	DEFAULT	0
messages	13	16	20	DEFAULT	DEFAULT	0
messages	14	16	20	DEFAULT	DEFAULT	0
messages	15	16	20	DEFAULT	DEFAULT	0
messages	16	16	20	DEFAULT	DEFAULT	0
messages	17	16	20	DEFAULT	DEFAULT	0
messages	18	16	20	DEFAULT	DEFAULT	0
messages	19	16	20	DEFAULT	DEFAULT	0
messages	20	16	20	DEFAULT	DEFAULT	0
messages	21	16	20	DEFAULT	DEFAULT	0
messages	22	16	20	DEFAULT	DEFAULT	0
messages	23	16	20	DEFAULT	DEFAULT	0
messages	24	16	20	DEFAULT	DEFAULT	0
messages	25	16	20	DEFAULT	DEFAULT	0
messages	26	16	20	DEFAULT	DEFAULT	0
messages	27	16	20	DEFAULT	DEFAULT	0
messages	28	16	20	DEFAULT	DEFAULT	0
messages	29	16	20	DEFAULT	DEFAULT	0
messages	30	16	20	DEFAULT	DEFAULT	0
messages	31	16	20	DEFAULT	DEFAULT	0
messages	32	16	20	DEFAULT	DEFAULT	0
messages	33	16	20	DEFAULT	DEFAULT	0
messages	34	16	20	DEFAULT	DEFAULT	0
messages	35	16	20	DEFAULT	DEFAULT	0
messages	36	16	20	DEFAULT	DEFAULT	0
messages	37	16	20	DEFAULT	DEFAULT	0
messages	38	16	20	DEFAULT	DEFAULT	0
messages	39	16	20	DEFAULT	DEFAULT	0
messages	40	16	20	DEFAULT	DEFAULT	0
messages	41	16	20	DEFAULT	DEFAULT	0
messages	42	16	20	DEFAULT	DEFAULT	0
messages	43	16	20	DEFAULT	DEFAULT	0
messages	44	16	20	DEFAULT	DEFAULT	0
messages	45	16	20	DEFAULT	DEFAULT	0
messages	46	16	20	DEFAULT	DEFAULT	0
messages	47	16	20	DEFAULT	DEFAULT	0
messages	48	16	20	DEFAULT	DEFAULT	0
messages	49	16	20	DEFAULT	DEFAULT	0
messages	50	16	20	DEFAULT	DEFAULT	0
messages	51	16	20	DEFAULT	DEFAULT	0
messages	52	16	20	DEFAULT	DEFAULT	0
messages	53	16	20	DEFAULT	DEFAULT	0
messages	54	16	20	DEFAULT	DEFAULT	0
messages	55	16	20	DEFAULT	DEFAULT	0
messages	56	16	20	DEFAULT	DEFAULT	0
messages	57	16	20	DEFAULT	DEFAULT	0
messages	58	16	20	DEFAULT	DEFAULT	0
messages	59	16	20	DEFAULT	DEFAULT	0
messages	60	16	20	DEFAULT	DEFAULT	0
messages	61	16	20	DEFAULT	DEFAULT	0
messages	62	16	20	DEFAULT	DEFAULT	0
messages	63	16	20	DEFAULT	DEFAULT	0
messages	64	16	20	DEFAULT	DEFAULT	0
messages	65	16	20	DEFAULT	DEFAULT	0
messages	66	16	20	DEFAULT	DEFAULT	0
messages	67	16	20	DEFAULT	DEFAULT	0
messages	68	16	20	DEFAULT	DEFAULT	0
messages	69	16	20	DEFAULT	DEFAULT	0
messages	70	16	20	DEFAULT	DEFAULT	0
messages	71	16	20	DEFAULT	DEFAULT	0
messages	72	16	20	DEFAULT	DEFAULT	0
messages	73	16	20	DEFAULT	DEFAULT	0
messages	74	16	20	DEFAULT	DEFAULT	0
messages	75	16	20	DEFAULT	DEFAULT	0
messages	76	16	20	DEFAULT	DEFAULT	0
messages	77	16	20	DEFAULT	DEFAULT	0
messages	78	16	20	DEFAULT	DEFAULT	0
messages	79	16	20	DEFAULT	DEFAULT	0
messages	0	17	20	RGB:808080	DEFAULT	4
messages	1	17	20	RGB:808080	DEFAULT	4
messages	2	17	e286b3	RGB:808080	DEFAULT	4
messages	3	17	20	RGB:808080	DEFAULT	4
messages	4	17	73	RGB:808080	DEFAULT	4
messages	5	17	74	RGB:808080	DEFAULT	4
messages	6	17	65	RGB:808080	DEFAULT	4
messages	7	17	65	RGB:808080	DEFAULT	4
messages	8	17	72	RGB:808080	DEFAULT	4
messages	9	17	3a	RGB:808080	DEFAULT	4
messages	10	17	20	RGB:808080	DEFAULT	4
messages	11	17	63	RGB:808080	DEFAULT	4
messages	12	17	6c	RGB:808080	DEFAULT	4
messages	13	17	65	RGB:808080	DEFAULT	4
messages	14	17	61	RGB:808080	DEFAULT	4
messages	15	17	72	RGB:808080	DEFAULT	4
messages	16	17	65	RGB:808080	DEFAULT	4
messages	17	17	64	RGB:808080	DEFAULT	4
messages	18	17	20	RGB:808080	DEFAULT	4
messages	19	17	e28094	RGB:808080	DEFAULT	4
messages	20	17	20	RGB:808080	DEFAULT	4
messages	21	17	63	RGB:808080	DEFAULT	4
messages	22	17	6c	RGB:808080	DEFAULT	4
messages	23	17	65	RGB:808080	DEFAULT	4
messages	24	17	61	RGB:808080	DEFAULT	4
messages	25	17	72	RGB:808080	DEFAULT	4
messages	26	17	65	RGB:808080	DEFAULT	4
messages	27	17	64	RGB:808080	DEFAULT	4
messages	28	17	20	DEFAULT	DEFAULT	0
messages	29	17	20	DEFAULT	DEFAULT	0
messages	30	17	20	DEFAULT	DEFAULT	0
messages	31	17	20	DEFAULT	DEFAULT	0
messages	32	17	20	DEFAULT	DEFAULT	0
messages	33	17	20	DEFAULT	DEFAULT	0
messages	34	17	20	DEFAULT	DEFAULT	0
messages	35	17	20	DEFAULT	DEFAULT	0
messages	36	17	20	DEFAULT	DEFAULT	0
messages	37	17	20	DEFAULT	DEFAULT	0
messages	38	17	20	DEFAULT	DEFAULT	0
messages	39	17	20	DEFAULT	DEFAULT	0
messages	40	17	20	DEFAULT	DEFAULT	0
messages	41	17	20	DEFAULT	DEFAULT	0
messages	42	17	20	DEFAULT	DEFAULT	0
messages	43	17	20	DEFAULT	DEFAULT	0
messages	44	17	20	DEFAULT	DEFAULT	0
messages	45	17	20	DEFAULT	DEFAULT	0
messages	46	17	20	DEFAULT	DEFAULT	0
messages	47	17	20	DEFAULT	DEFAULT	0
messages	48	17	20	DEFAULT	DEFAULT	0
messages	49	17	20	DEFAULT	DEFAULT	0
messages	50	17	20	DEFAULT	DEFAULT	0
messages	51	17	20	DEFAULT	DEFAULT	0
messages	52	17	20	DEFAULT	DEFAULT	0
messages	53	17	20	DEFAULT	DEFAULT	0
messages	54	17	20	DEFAULT	DEFAULT	0
messages	55	17	20	DEFAULT	DEFAULT	0
messages	56	17	20	DEFAULT	DEFAULT	0
messages	57	17	20	DEFAULT	DEFAULT	0
messages	58	17	20	DEFAULT	DEFAULT	0
messages	59	17	20	DEFAULT	DEFAULT	0
messages	60	17	20	DEFAULT	DEFAULT	0
messages	61	17	20	DEFAULT	DEFAULT	0
messages	62	17	20	DEFAULT	DEFAULT	0
messages	63	17	20	DEFAULT	DEFAULT	0
messages	64	17	20	DEFAULT	DEFAULT	0
messages	65	17	20	DEFAULT	DEFAULT	0
messages	66	17	20	DEFAULT	DEFAULT	0
messages	67	17	20	DEFAULT	DEFAULT	0
messages	68	17	20	DEFAULT	DEFAULT	0
messages	69	17	20	DEFAULT	DEFAULT	0
messages	70	17	20	DEFAULT	DEFAULT	0
messages	71	17	20	DEFAULT	DEFAULT	0
messages	72	17	20	DEFAULT	DEFAULT	0
messages	73	17	20	DEFAULT	DEFAULT	0
messages	74	17	20	DEFAULT	DEFAULT	0
messages	75	17	20	DEFAULT	DEFAULT	0
messages	76	17	20	DEFAULT	DEFAULT	0
messages	77	17	20	DEFAULT	DEFAULT	0
messages	78	17	20	DEFAULT	DEFAULT	0
messages	79	17	20	DEFAULT	DEFAULT	0
messages	0	18	20	DEFAULT	DEFAULT	0
messages	1	18	20	DEFAULT	DEFAULT	0
messages	2	18	20	DEFAULT	DEFAULT	0
messages	3	18	20	DEFAULT	DEFAULT	0
messages	4	18	20	DEFAULT	DEFAULT	0
messages	5	18	20	DEFAULT	DEFAULT	0
messages	6	18	20	DEFAULT	DEFAULT	0
messages	7	18	20	DEFAULT	DEFAULT	0
messages	8	18	20	DEFAULT	DEFAULT	0
messages	9	18	20	DEFAULT	DEFAULT	0
messages	10	18	20	DEFAULT	DEFAULT	0
messages	11	18	20	DEFAULT	DEFAULT	0
messages	12	18	20	DEFAULT	DEFAULT	0
messages	13	18	20	DEFAULT	DEFAULT	0
messages	14	18	20	DEFAULT	DEFAULT	0
messages	15	18	20	DEFAULT	DEFAULT	0
messages	16	18	20	DEFAULT	DEFAULT	0
messages	17	18	20	DEFAULT	DEFAULT	0
messages	18	18	20	DEFAULT	DEFAULT	0
messages	19	18	20	DEFAULT	DEFAULT	0
messages	20	18	20	DEFAULT	DEFAULT	0
messages	21	18	20	DEFAULT	DEFAULT	0
messages	22	18	20	DEFAULT	DEFAULT	0
messages	23	18	20	DEFAULT	DEFAULT	0
messages	24	18	20	DEFAULT	DEFAULT	0
messages	25	18	20	DEFAULT	DEFAULT	0
messages	26	18	20	DEFAULT	DEFAULT	0
messages	27	18	20	DEFAULT	DEFAULT	0
messages	28	18	20	DEFAULT	DEFAULT	0
messages	29	18	20	DEFAULT	DEFAULT	0
messages	30	18	20	DEFAULT	DEFAULT	0
messages	31	18	20	DEFAULT	DEFAULT	0
messages	32	18	20	DEFAULT	DEFAULT	0
messages	33	18	20	DEFAULT	DEFAULT	0
messages	34	18	20	DEFAULT	DEFAULT	0
messages	35	18	20	DEFAULT	DEFAULT	0
messages	36	18	20	DEFAULT	DEFAULT	0
messages	37	18	20	DEFAULT	DEFAULT	0
messages	38	18	20	DEFAULT	DEFAULT	0
messages	39	18	20	DEFAULT	DEFAULT	0
messages	40	18	20	DEFAULT	DEFAULT	0
messages	41	18	20	DEFAULT	DEFAULT	0
messages	42	18	20	DEFAULT	DEFAULT	0
messages	43	18	20	DEFAULT	DEFAULT	0
messages	44	18	20	DEFAULT	DEFAULT	0
messages	45	18	20	DEFAULT	DEFAULT	0
messages	46	18	20	DEFAULT	DEFAULT	0
messages	47	18	20	DEFAULT	DEFAULT	0
messages	48	18	20	DEFAULT	DEFAULT	0
messages	49	18	20	DEFAULT	DEFAULT	0
messages	50	18	20	DEFAULT	DEFAULT	0
messages	51	18	20	DEFAULT	DEFAULT	0
messages	52	18	20	DEFAULT	DEFAULT	0
messages	53	18	20	DEFAULT	DEFAULT	0
messages	54	18	20	DEFAULT	DEFAULT	0
messages	55	18	20	DEFAULT	DEFAULT	0
messages	56	18	20	DEFAULT	DEFAULT	0
messages	57	18	20	DEFAULT	DEFAULT	0
messages	58	18	20	DEFAULT	DEFAULT	0
messages	59	18	20	DEFAULT	DEFAULT	0
messages	60	18	20	DEFAULT	DEFAULT	0
messages	61	18	20	DEFAULT	DEFAULT	0
messages	62	18	20	DEFAULT	DEFAULT	0
messages	63	18	20	DEFAULT	DEFAULT	0
messages	64	18	20	DEFAULT	DEFAULT	0
messages	65	18	20	DEFAULT	DEFAULT	0
messages	66	18	20	DEFAULT	DEFAULT	0
messages	67	18	20	DEFAULT	DEFAULT	0
messages	68	18	20	DEFAULT	DEFAULT	0
messages	69	18	20	DEFAULT	DEFAULT	0
messages	70	18	20	DEFAULT	DEFAULT	0
messages	71	18	20	DEFAULT	DEFAULT	0
messages	72	18	20	DEFAULT	DEFAULT	0
messages	73	18	20	DEFAULT	DEFAULT	0
messages	74	18	20	DEFAULT	DEFAULT	0
messages	75	18	20	DEFAULT	DEFAULT	0
messages	76	18	20	DEFAULT	DEFAULT	0
messages	77	18	20	DEFAULT	DEFAULT	0
messages	78	18	20	DEFAULT	DEFAULT	0
messages	79	18	20	DEFAULT	DEFAULT	0
messages	0	19	20	RGB:800000	DEFAULT	4
messages	1	19	20	RGB:800000	DEFAULT	4
messages	2	19	e286b3	RGB:800000	DEFAULT	4
messages	3	19	20	RGB:800000	DEFAULT	4
messages	4	19	73	RGB:800000	DEFAULT	4
messages	5	19	74	RGB:800000	DEFAULT	4
messages	6	19	65	RGB:800000	DEFAULT	4
messages	7	19	65	RGB:800000	DEFAULT	4
messages	8	19	72	RGB:800000	DEFAULT	4
messages	9	19	3a	RGB:800000	DEFAULT	4
messages	10	19	20	RGB:800000	DEFAULT	4
messages	11	19	75	RGB:800000	DEFAULT	4
messages	12	19	6e	RGB:800000	DEFAULT	4
messages	13	19	73	RGB:800000	DEFAULT	4
messages	14	19	75	RGB:800000	DEFAULT	4
messages	15	19	70	RGB:800000	DEFAULT	4
messages	16	19	70	RGB:800000	DEFAULT	4
messages	17	19	6f	RGB:800000	DEFAULT	4
messages	18	19	72	RGB:800000	DEFAULT	4
messages	19	19	74	RGB:800000	DEFAULT	4
messages	20	19	65	RGB:800000	DEFAULT	4
messages	21	19	64	RGB:800000	DEFAULT	4
messages	22	19	20	RGB:800000	DEFAULT	4
messages	23	19	e28094	RGB:800000	DEFAULT	4
messages	24	19	20	RGB:800000	DEFAULT	4
messages	25	19	6e	RGB:800000	DEFAULT	4
messages	26	19	6f	RGB:800000	DEFAULT	4
messages	27	19	74	RGB:800000	DEFAULT	4
messages	28	19	20	RGB:800000	DEFAULT	4
messages	29	19	73	RGB:800000	DEFAULT	4
messages	30	19	75	RGB:800000	DEFAULT	4
messages	31	19	70	RGB:800000	DEFAULT	4
messages	32	19	70	RGB:800000	DEFAULT	4
messages	33	19	6f	RGB:800000	DEFAULT	4
messages	34	19	72	RGB:800000	DEFAULT	4
messages	35	19	74	RGB:800000	DEFAULT	4
messages	36	19	65	RGB:800000	DEFAULT	4
messages	37	19	64	RGB:800000	DEFAULT	4
messages	38	19	20	DEFAULT	DEFAULT	0
messages	39	19	20	DEFAULT	DEFAULT	0
messages	40	19	20	DEFAULT	DEFAULT	0
messages	41	19	20	DEFAULT	DEFAULT	0
messages	42	19	20	DEFAULT	DEFAULT	0
messages	43	19	20	DEFAULT	DEFAULT	0
messages	44	19	20	DEFAULT	DEFAULT	0
messages	45	19	20	DEFAULT	DEFAULT	0
messages	46	19	20	DEFAULT	DEFAULT	0
messages	47	19	20	DEFAULT	DEFAULT	0
messages	48	19	20	DEFAULT	DEFAULT	0
messages	49	19	20	DEFAULT	DEFAULT	0
messages	50	19	20	DEFAULT	DEFAULT	0
messages	51	19	20	DEFAULT	DEFAULT	0
messages	52	19	20	DEFAULT	DEFAULT	0
messages	53	19	20	DEFAULT	DEFAULT	0
messages	54	19	20	DEFAULT	DEFAULT	0
messages	55	19	20	DEFAULT	DEFAULT	0
messages	56	19	20	DEFAULT	DEFAULT	0
messages	57	19	20	DEFAULT	DEFAULT	0
messages	58	19	20	DEFAULT	DEFAULT	0
messages	59	19	20	DEFAULT	DEFAULT	0
messages	60	19	20	DEFAULT	DEFAULT	0
messages	61	19	20	DEFAULT	DEFAULT	0
messages	62	19	20	DEFAULT	DEFAULT	0
messages	63	19	20	DEFAULT	DEFAULT	0
messages	64	19	20	DEFAULT	DEFAULT	0
messages	65	19	20	DEFAULT	DEFAULT	0
messages	66	19	20	DEFAULT	DEFAULT	0
messages	67	19	20	DEFAULT	DEFAULT	0
messages	68	19	20	DEFAULT	DEFAULT	0
messages	69	19	20	DEFAULT	DEFAULT	0
messages	70	19	20	DEFAULT	DEFAULT	0
messages	71	19	20	DEFAULT	DEFAULT	0
messages	72	19	20	DEFAULT	DEFAULT	0
messages	73	19	20	DEFAULT	DEFAULT	0
messages	74	19	20	DEFAULT	DEFAULT	0
messages	75	19	20	DEFAULT	DEFAULT	0
messages	76	19	20	DEFAULT	DEFAULT	0
messages	77	19	20	DEFAULT	DEFAULT	0
messages	78	19	20	DEFAULT	DEFAULT	0
messages	79	19	20	DEFAULT	DEFAULT	0
messages	0	20	20	DEFAULT	DEFAULT	0
messages	1	20	20	DEFAULT	DEFAULT	0
messages	2	20	20	DEFAULT	DEFAULT	0
messages	3	20	20	DEFAULT	DEFAULT	0
messages	4	20	20	DEFAULT	DEFAULT	0
messages	5	20	20	DEFAULT	DEFAULT	0
messages	6	20	20	DEFAULT	DEFAULT	0
messages	7	20	20	DEFAULT	DEFAULT	0
messages	8	20	20	DEFAULT	DEFAULT	0
messages	9	20	20	DEFAULT	DEFAULT	0
messages	10	20	20	DEFAULT	DEFAULT	0
messages	11	20	20	DEFAULT	DEFAULT	0
messages	12	20	20	DEFAULT	DEFAULT	0
messages	13	20	20	DEFAULT	DEFAULT	0
messages	14	20	20	DEFAULT	DEFAULT	0
messages	15	20	20	DEFAULT	DEFAULT	0
messages	16	20	20	DEFAULT	DEFAULT	0
messages	17	20	20	DEFAULT	DEFAULT	0
messages	18	20	20	DEFAULT	DEFAULT	0
messages	19	20	20	DEFAULT	DEFAULT	0
messages	20	20	20	DEFAULT	DEFAULT	0
messages	21	20	20	DEFAULT	DEFAULT	0
messages	22	20	20	DEFAULT	DEFAULT	0
messages	23	20	20	DEFAULT	DEFAULT	0
messages	24	20	20	DEFAULT	DEFAULT	0
messages	25	20	20	DEFAULT	DEFAULT	0
messages	26	20	20	DEFAULT	DEFAULT	0
messages	27	20	20	DEFAULT	DEFAULT	0
messages	28	20	20	DEFAULT	DEFAULT	0
messages	29	20	20	DEFAULT	DEFAULT	0
messages	30	20	20	DEFAULT	DEFAULT	0
messages	31	20	20	DEFAULT	DEFAULT	0
messages	32	20	20	DEFAULT	DEFAULT	0
messages	33	20	20	DEFAULT	DEFAULT	0
messages	34	20	20	DEFAULT	DEFAULT	0
messages	35	20	20	DEFAULT	DEFAULT	0
messages	36	20	20	DEFAULT	DEFAULT	0
messages	37	20	20	DEFAULT	DEFAULT	0
messages	38	20	20	DEFAULT	DEFAULT	0
messages	39	20	20	DEFAULT	DEFAULT	0
messages	40	20	20	DEFAULT	DEFAULT	0
messages	41	20	20	DEFAULT	DEFAULT	0
messages	42	20	20	DEFAULT	DEFAULT	0
messages	43	20	20	DEFAULT	DEFAULT	0
messages	44	20	20	DEFAULT	DEFAULT	0
messages	45	20	20	DEFAULT	DEFAULT	0
messages	46	20	20	DEFAULT	DEFAULT	0
messages	47	20	20	DEFAULT	DEFAULT	0
messages	48	20	20	DEFAULT	DEFAULT	0
messages	49	20	20	DEFAULT	DEFAULT	0
messages	50	20	20	DEFAULT	DEFAULT	0
messages	51	20	20	DEFAULT	DEFAULT	0
messages	52	20	20	DEFAULT	DEFAULT	0
messages	53	20	20	DEFAULT	DEFAULT	0
messages	54	20	20	DEFAULT	DEFAULT	0
messages	55	20	20	DEFAULT	DEFAULT	0
messages	56	20	20	DEFAULT	DEFAULT	0
messages	57	20	20	DEFAULT	DEFAULT	0
messages	58	20	20	DEFAULT	DEFAULT	0
messages	59	20	20	DEFAULT	DEFAULT	0
messages	60	20	20	DEFAULT	DEFAULT	0
messages	61	20	20	DEFAULT	DEFAULT	0
messages	62	20	20	DEFAULT	DEFAULT	0
messages	63	20	20	DEFAULT	DEFAULT	0
messages	64	20	20	DEFAULT	DEFAULT	0
messages	65	20	20	DEFAULT	DEFAULT	0
messages	66	20	20	DEFAULT	DEFAULT	0
messages	67	20	20	DEFAULT	DEFAULT	0
messages	68	20	20	DEFAULT	DEFAULT	0
messages	69	20	20	DEFAULT	DEFAULT	0
messages	70	20	20	DEFAULT	DEFAULT	0
messages	71	20	20	DEFAULT	DEFAULT	0
messages	72	20	20	DEFAULT	DEFAULT	0
messages	73	20	20	DEFAULT	DEFAULT	0
messages	74	20	20	DEFAULT	DEFAULT	0
messages	75	20	20	DEFAULT	DEFAULT	0
messages	76	20	20	DEFAULT	DEFAULT	0
messages	77	20	20	DEFAULT	DEFAULT	0
messages	78	20	20	DEFAULT	DEFAULT	0
messages	79	20	20	DEFAULT	DEFAULT	0
messages	0	21	e2a0b9	RGB:008080	DEFAULT	0
messages	1	21	20	RGB:008080	DEFAULT	0
messages	2	21	52	RGB:008080	DEFAULT	0
messages	3	21	75	RGB:008080	DEFAULT	0
messages	4	21	6e	RGB:008080	DEFAULT	0
messages	5	21	6e	RGB:008080	DEFAULT	0
messages	6	21	69	RGB:008080	DEFAULT	0
messages	7	21	6e	RGB:008080	DEFAULT	0
messages	8	21	67	RGB:008080	DEFAULT	0
messages	9	21	2e	RGB:008080	DEFAULT	0
messages	10	21	2e	RGB:008080	DEFAULT	0
messages	11	21	2e	RGB:008080	DEFAULT	0
messages	12	21	20	RGB:008080	DEFAULT	0
messages	13	21	31	RGB:008080	DEFAULT	0
messages	14	21	73	RGB:008080	DEFAULT	0
messages	15	21	20	DEFAULT	DEFAULT	0
messages	16	21	20	DEFAULT	DEFAULT	0
messages	17	21	20	DEFAULT	DEFAULT	0
messages	18	21	20	DEFAULT	DEFAULT	0
messages	19	21	20	DEFAULT	DEFAULT	0
messages	20	21	20	DEFAULT	DEFAULT	0
messages	21	21	20	DEFAULT	DEFAULT	0
messages	22	21	20	DEFAULT	DEFAULT	0
messages	23	21	20	DEFAULT	DEFAULT	0
messages	24	21	20	DEFAULT	DEFAULT	0
messages	25	21	20	DEFAULT	DEFAULT	0
messages	26	21	20	DEFAULT	DEFAULT	0
messages	27	21	20	DEFAULT	DEFAULT	0
messages	28	21	20	DEFAULT	DEFAULT	0
messages	29	21	20	DEFAULT	DEFAULT	0
messages	30	21	20	DEFAULT	DEFAULT	0
messages	31	21	20	DEFAULT	DEFAULT	0
messages	32	21	20	DEFAULT	DEFAULT	0
messages	33	21	20	DEFAULT	DEFAULT	0
messages	34	21	20	DEFAULT	DEFAULT	0
messages	35	21	20	DEFAULT	DEFAULT	0
messages	36	21	20	DEFAULT	DEFAULT	0
messages	37	21	20	DEFAULT	DEFAULT	0
messages	38	21	20	DEFAULT	DEFAULT	0
messages	39	21	20	DEFAULT	DEFAULT	0
messages	40	21	20	DEFAULT	DEFAULT	0
messages	41	21	20	DEFAULT	DEFAULT	0
messages	42	21	20	DEFAULT	DEFAULT	0
messages	43	21	20	DEFAULT	DEFAULT	0
messages	44	21	20	DEFAULT	DEFAULT	0
messages	45	21	20	DEFAULT	DEFAULT	0
messages	46	21	20	DEFAULT	DEFAULT	0
messages	47	21	20	DEFAULT	DEFAULT	0
messages	48	21	20	DEFAULT	DEFAULT	0
messages	49	21	20	DEFAULT	DEFAULT	0
messages	50	21	20	DEFAULT	DEFAULT	0
messages	51	21	20	DEFAULT	DEFAULT	0
messages	52	21	20	DEFAULT	DEFAULT	0
messages	53	21	20	DEFAULT	DEFAULT	0
messages	54	21	20	DEFAULT	DEFAULT	0
messages	55	21	20	DEFAULT	DEFAULT	0
messages	56	21	20	DEFAULT	DEFAULT	0
messages	57	21	20	DEFAULT	DEFAULT	0
messages	58	21	20	DEFAULT	DEFAULT	0
messages	59	21	20	DEFAULT	DEFAULT	0
messages	60	21	20	DEFAULT	DEFAULT	0
messages	61	21	20	DEFAULT	DEFAULT	0
messages	62	21	20	DEFAULT	DEFAULT	0
messages	63	21	20	DEFAULT	DEFAULT	0
messages	64	21	20	DEFAULT	DEFAULT	0
messages	65	21	20	DEFAULT	DEFAULT	0
messages	66	21	20	DEFAULT	DEFAULT	0
messages	67	21	20	DEFAULT	DEFAULT	0
messages	68	21	20	DEFAULT	DEFAULT	0
messages	69	21	20	DEFAULT	DEFAULT	0
messages	70	21	20	DEFAULT	DEFAULT	0
messages	71	21	20	DEFAULT	DEFAULT	0
messages	72	21	20	DEFAULT	DEFAULT	0
messages	73	21	20	DEFAULT	DEFAULT	0
messages	74	21	20	DEFAULT	DEFAULT	0
messages	75	21	20	DEFAULT	DEFAULT	0
messages	76	21	20	DEFAULT	DEFAULT	0
messages	77	21	20	DEFAULT	DEFAULT	0
messages	78	21	20	DEFAULT	DEFAULT	0
messages	79	21	20	DEFAULT	DEFAULT	0
messages	0	22	20	DEFAULT	DEFAULT	0
messages	1	22	20	DEFAULT	DEFAULT	0
messages	2	22	20	DEFAULT	DEFAULT	0
messages	3	22	20	DEFAULT	DEFAULT	0
messages	4	22	20	DEFAULT	DEFAULT	0
messages	5	22	20	DEFAULT	DEFAULT	0
messages	6	22	20	DEFAULT	DEFAULT	0
messages	7	22	20	DEFAULT	DEFAULT	0
messages	8	22	20	DEFAULT	DEFAULT	0
messages	9	22	20	DEFAULT	DEFAULT	0
messages	10	22	20	DEFAULT	DEFAULT	0
messages	11	22	20	DEFAULT	DEFAULT	0
messages	12	22	20	DEFAULT	DEFAULT	0
messages	13	22	20	DEFAULT	DEFAULT	0
messages	14	22	20	DEFAULT	DEFAULT	0
messages	15	22	20	DEFAULT	DEFAULT	0
messages	16	22	20	DEFAULT	DEFAULT	0
messages	17	22	20	DEFAULT	DEFAULT	0
messages	18	22	20	DEFAULT	DEFAULT	0
messages	19	22	20	DEFAULT	DEFAULT	0
messages	20	22	20	DEFAULT	DEFAULT	0
messages	21	22	20	DEFAULT	DEFAULT	0
messages	22	22	20	DEFAULT	DEFAULT	0
messages	23	22	20	DEFAULT	DEFAULT	0
messages	24	22	20	DEFAULT	DEFAULT	0
messages	25	22	20	DEFAULT	DEFAULT	0
messages	26	22	20	DEFAULT	DEFAULT	0
messages	27	22	20	DEFAULT	DEFAULT	0
messages	28	22	20	DEFAULT	DEFAULT	0
messages	29	22	20	DEFAULT	DEFAULT	0
messages	30	22	20	DEFAULT	DEFAULT	0
messages	31	22	20	DEFAULT	DEFAULT	0
messages	32	22	20	DEFAULT	DEFAULT	0
messages	33	22	20	DEFAULT	DEFAULT	0
messages	34	22	20	DEFAULT	DEFAULT	0
messages	35	22	20	DEFAULT	DEFAULT	0
messages	36	22	20	DEFAULT	DEFAULT	0
messages	37	22	20	DEFAULT	DEFAULT	0
messages	38	22	20	DEFAULT	DEFAULT	0
messages	39	22	20	DEFAULT	DEFAULT	0
messages	40	22	20	DEFAULT	DEFAULT	0
messages	41	22	20	DEFAULT	DEFAULT	0
messages	42	22	20	DEFAULT	DEFAULT	0
messages	43	22	20	DEFAULT	DEFAULT	0
messages	44	22	20	DEFAULT	DEFAULT	0
messages	45	22	20	DEFAULT	DEFAULT	0
messages	46	22	20	DEFAULT	DEFAULT	0
messages	47	22	20	DEFAULT	DEFAULT	0
messages	48	22	20	DEFAULT	DEFAULT	0
messages	49	22	20	DEFAULT	DEFAULT	0
messages	50	22	20	DEFAULT	DEFAULT	0
messages	51	22	20	DEFAULT	DEFAULT	0
messages	52	22	20	DEFAULT	DEFAULT	0
messages	53	22	20	DEFAULT	DEFAULT	0
messages	54	22	20	DEFAULT	DEFAULT	0
messages	55	22	20	DEFAULT	DEFAULT	0
messages	56	22	20	DEFAULT	DEFAULT	0
messages	57	22	20	DEFAULT	DEFAULT	0
messages	58	22	20	DEFAULT	DEFAULT	0
messages	59	22	20	DEFAULT	DEFAULT	0
messages	60	22	20	DEFAULT	DEFAULT	0
messages	61	22	20	DEFAULT	DEFAULT	0
messages	62	22	20	DEFAULT	DEFAULT	0
messages	63	22	20	DEFAULT	DEFAULT	0
messages	64	22	20	DEFAULT	DEFAULT	0
messages	65	22	20	DEFAULT	DEFAULT	0
messages	66	22	20	DEFAULT	DEFAULT	0
messages	67	22	20	DEFAULT	DEFAULT	0
messages	68	22	20	DEFAULT	DEFAULT	0
messages	69	22	20	DEFAULT	DEFAULT	0
messages	70	22	20	DEFAULT	DEFAULT	0
messages	71	22	20	DEFAULT	DEFAULT	0
messages	72	22	20	DEFAULT	DEFAULT	0
messages	73	22	20	DEFAULT	DEFAULT	0
messages	74	22	20	DEFAULT	DEFAULT	0
messages	75	22	20	DEFAULT	DEFAULT	0
messages	76	22	20	DEFAULT	DEFAULT	0
messages	77	22	20	DEFAULT	DEFAULT	0
messages	78	22	20	DEFAULT	DEFAULT	0
messages	79	22	20	DEFAULT	DEFAULT	0
messages	0	23	20	DEFAULT	DEFAULT	0
messages	1	23	20	DEFAULT	DEFAULT	0
messages	2	23	20	DEFAULT	DEFAULT	0
messages	3	23	20	DEFAULT	DEFAULT	0
messages	4	23	20	DEFAULT	DEFAULT	0
messages	5	23	20	DEFAULT	DEFAULT	0
messages	6	23	20	DEFAULT	DEFAULT	0
messages	7	23	20	DEFAULT	DEFAULT	0
messages	8	23	20	DEFAULT	DEFAULT	0
messages	9	23	20	DEFAULT	DEFAULT	0
messages	10	23	20	DEFAULT	DEFAULT	0
messages	11	23	20	DEFAULT	DEFAULT	0
messages	12	23	20	DEFAULT	DEFAULT	0
messages	13	23	20	DEFAULT	DEFAULT	0
messages	14	23	20	DEFAULT	DEFAULT	0
messages	15	23	20	DEFAULT	DEFAULT	0
messages	16	23	20	DEFAULT	DEFAULT	0
messages	17	23	20	DEFAULT	DEFAULT	0
messages	18	23	20	DEFAULT	DEFAULT	0
messages	19	23	20	DEFAULT	DEFAULT	0
messages	20	23	20	DEFAULT	DEFAULT	0
messages	21	23	20	DEFAULT	DEFAULT	0
messages	22	23	20	DEFAULT	DEFAULT	0
messages	23	23	20	DEFAULT	DEFAULT	0
messages	24	23	20	DEFAULT	DEFAULT	0
messages	25	23	20	DEFAULT	DEFAULT	0
messages	26	23	20	DEFAULT	DEFAULT	0
messages	27	23	20	DEFAULT	DEFAULT	0
messages	28	23	20	DEFAULT	DEFAULT	0
messages	29	23	20	DEFAULT	DEFAULT	0
messages	30	23	20	DEFAULT	DEFAULT	0
messages	31	23	20	DEFAULT	DEFAULT	0
messages	32	23	20	DEFAULT	DEFAULT	0
messages	33	23	20	DEFAULT	DEFAULT	0
messages	34	23	20	DEFAULT	DEFAULT	0
messages	35	23	20	DEFAULT	DEFAULT	0
messages	36	23	20	DEFAULT	DEFAULT	0
messages	37	23	20	DEFAULT	DEFAULT	0
messages	38	23	20	DEFAULT	DEFAULT	0
messages	39	23	20	DEFAULT	DEFAULT	0
messages	40	23	20	DEFAULT	DEFAULT	0
messages	41	23	20	DEFAULT	DEFAULT	0
messages	42	23	20	DEFAULT	DEFAULT	0
messages	43	23	20	DEFAULT	DEFAULT	0
messages	44	23	20	DEFAULT	DEFAULT	0
messages	45	23	20	DEFAULT	DEFAULT	0
messages	46	23	20	DEFAULT	DEFAULT	0
messages	47	23	20	DEFAULT	DEFAULT	0
messages	48	23	20	DEFAULT	DEFAULT	0
messages	49	23	20	DEFAULT	DEFAULT	0
messages	50	23	20	DEFAULT	DEFAULT	0
messages	51	23	20	DEFAULT	DEFAULT	0
messages	52	23	20	DEFAULT	DEFAULT	0
messages	53	23	20	DEFAULT	DEFAULT	0
messages	54	23	20	DEFAULT	DEFAULT	0
messages	55	23	20	DEFAULT	DEFAULT	0
messages	56	23	20	DEFAULT	DEFAULT	0
messages	57	23	20	DEFAULT	DEFAULT	0
messages	58	23	20	DEFAULT	DEFAULT	0
messages	59	23	20	DEFAULT	DEFAULT	0
messages	60	23	20	DEFAULT	DEFAULT	0
messages	61	23	20	DEFAULT	DEFAULT	0
messages	62	23	20	DEFAULT	DEFAULT	0
messages	63	23	20	DEFAULT	DEFAULT	0
messages	64	23	20	DEFAULT	DEFAULT	0
messages	65	23	20	DEFAULT	DEFAULT	0
messages	66	23	20	DEFAULT	DEFAULT	0
messages	67	23	20	DEFAULT	DEFAULT	0
messages	68	23	20	DEFAULT	DEFAULT	0
messages	69	23	20	DEFAULT	DEFAULT	0
messages	70	23	20	DEFAULT	DEFAULT	0
messages	71	23	20	DEFAULT	DEFAULT	0
messages	72	23	20	DEFAULT	DEFAULT	0
messages	73	23	20	DEFAULT	DEFAULT	0
messages	74	23	20	DEFAULT	DEFAULT	0
messages	75	23	20	DEFAULT	DEFAULT	0
messages	76	23	20	DEFAULT	DEFAULT	0
messages	77	23	20	DEFAULT	DEFAULT	0
messages	78	23	20	DEFAULT	DEFAULT	0
messages	79	23	20	DEFAULT	DEFAULT	0
